,data,ID,segment,iSNV_loc,ref_nt,iSNV_nt,d-2,d0,d1,d2,d3,d4,d5,d6
218,mccrone,50001,HA,1262,G,T,,0.0,,,,,,0.033008
453,mccrone,50001,MP,917,C,A,,0.0,,,,,,0.032491
948,mccrone,50001,NS,765,C,A,,0.0,,,,,,0.03268
949,mccrone,50001,PA,164,A,G,,0.0,,,,,,0.035813
961,mccrone,50001,PA,271,G,A,,0.09158,,,,,,0.0
1566,mccrone,50001,PB2,1072,G,A,,0.096753,,,,,,0.0
2026,mccrone,50003,NA,1390,C,A,,0.051471,,,,,,0.0
2126,mccrone,50003,NP,1425,C,A,,0.0,,,,,,0.03937
2277,mccrone,50003,PA,1827,G,A,,0.0,,,,,,0.13529
2306,mccrone,50003,PA,2130,C,A,,0.038298,,,,,,0.0
2307,mccrone,50003,PA,2141,C,A,,0.051724,,,,,,0.0
2360,mccrone,50003,PB1,1836,G,A,,0.0,,,,,,0.038581
2387,mccrone,50003,PB1,2266,C,A,,0.108108,,,,,,0.0
3815,mccrone,50143,HA,968,T,G,,,0.118747,0.165528,,,,
4051,mccrone,50143,PA,895,G,A,,,0.045579,0.041863,,,,
4157,mccrone,50143,PB2,1058,G,A,,,0.035753,0.066292,,,,
4216,mccrone,50167,HA,462,T,C,,,0.313342,,,0.0,,
4372,mccrone,50167,NA,128,A,G,,,0.051797,,,0.0,,
5064,mccrone,50207,HA,1641,G,A,,0.041012,0.044718,,,,,
5824,mccrone,50207,PB1,1092,C,T,,0.0,0.040207,,,,,
6053,mccrone,50207,PB2,1866,A,T,,0.055128,0.0,,,,,
6427,mccrone,50232,MP,696,T,C,,,0.0,,0.076573,,,
6835,mccrone,50232,NS,114,G,A,,,0.0,,0.062564,,,
6841,mccrone,50232,NS,147,A,T,,,0.0,,0.062449,,,
7217,mccrone,50232,PB1,1329,C,T,,,0.0,,0.061885,,,
7548,mccrone,50246,HA,837,G,C,,0.0,,,,0.056869,,
7717,mccrone,50246,MP,730,A,C,,0.0,,,,0.552486,,
7823,mccrone,50246,NA,992,G,T,,0.0,,,,0.042405,,
7870,mccrone,50246,NA,1375,C,A,,0.0,,,,0.030651,,
8104,mccrone,50246,NS,803,C,A,,0.0,,,,0.035533,,
8113,mccrone,50246,PA,199,G,T,,0.059572,,,,0.0,,
8133,mccrone,50246,PA,325,T,C,,0.0,,,,0.056833,,
8134,mccrone,50246,PA,342,G,A,,0.0,,,,0.058113,,
8285,mccrone,50246,PB1,1365,T,C,,0.225317,,,,0.269822,,
8334,mccrone,50246,PB1,2257,C,A,,0.0,,,,0.061728,,
8410,mccrone,50246,PB2,1326,G,A,,0.0,,,,0.045466,,
8891,mccrone,50305,HA,244,C,T,,,,0.049486,,,0.0,
9115,mccrone,50305,MP,952,C,A,,,,0.030189,,,0.0,
9128,mccrone,50305,NA,231,A,G,,,,0.0,,,0.28333,
9215,mccrone,50305,NP,357,C,T,,,,0.0,,,0.051444,
9249,mccrone,50305,NP,966,C,A,,,,0.277831,,,0.670718,
9290,mccrone,50305,NP,1467,C,A,,,,0.034615,,,0.0,
9740,mccrone,50318,HA,1434,G,A,,0.0,,,0.041315,,,
10003,mccrone,50318,NP,1317,C,T,,0.0,,,0.036639,,,
10108,mccrone,50318,PA,2145,A,G,,0.0,,,0.091463,,,
10139,mccrone,50318,PB1,969,A,C,,0.057981,,,0.0,,,
10247,mccrone,50319,HA,111,A,G,,0.0,0.051877,,,,,
11129,mccrone,50319,PB2,853,C,T,,0.037168,0.0,,,,,
11498,mccrone,50331,MP,964,C,A,,0.071429,0.0,,,,,
11702,mccrone,50331,NP,1289,C,T,,0.0,0.057464,,,,,
11799,mccrone,50331,PA,363,A,G,,0.0,0.046411,,,,,
12580,mccrone,50418,NA,1080,A,C,,,0.034083,0.030507,,,,
13114,mccrone,50418,PB1,1821,T,C,,,0.0,0.032403,,,,
13381,mccrone,50418,PB2,2218,G,A,,,0.0,0.045187,,,,
13465,mccrone,50468,HA,990,G,A,,0.041248,,0.0,,,,
14346,mccrone,50538,NA,149,T,C,0.056729,,0.098833,,,,,
14347,mccrone,50538,NA,155,T,C,0.053636,,0.101254,,,,,
14351,mccrone,50538,NA,185,T,C,0.057549,,0.104344,,,,,
14354,mccrone,50538,NA,201,T,C,0.056145,,0.104779,,,,,
14355,mccrone,50538,NA,202,T,C,0.056115,,0.105678,,,,,
14359,mccrone,50538,NA,230,T,C,0.061274,,0.10529,,,,,
14581,mccrone,50538,NS,143,A,C,0.39943,,0.421682,,,,,
14979,mccrone,50540,HA,516,C,T,,0.068991,,,0.177682,,,
15550,mccrone,50540,PA,327,G,A,,0.0,,,0.045048,,,
15955,mccrone,50553,HA,966,C,T,,0.036717,0.101808,,,,,
16349,mccrone,50553,NP,678,T,C,,0.035744,0.044568,,,,,
16753,mccrone,50553,PB1,1806,G,A,,0.036904,0.0,,,,,
17228,mccrone,50620,NA,1109,C,T,,0.0,,0.047543,,,,
17470,mccrone,50620,PA,1680,G,A,,0.231181,,0.469405,,,,
18103,mccrone,50632,NA,128,A,G,,0.0,0.035785,,,,,
19404,mccrone,50678,HA,1020,A,G,,0.0,,,0.076218,,,
20257,mccrone,50678,PA,164,A,G,,0.0,,,0.035674,,,
20920,mccrone,50727,NA,1392,C,A,,0.0,0.053691,,,,,
21175,mccrone,50727,PA,333,T,A,,0.0,0.040174,,,,,
21612,mccrone,50727,PB2,2241,C,A,,0.0,0.031532,,,,,
21613,mccrone,50727,PB2,2242,C,A,,0.0,0.03653,,,,,
22707,mccrone,50785,NS,261,G,A,,,0.0,0.052795,,,,
24138,mccrone,50812,HA,1677,C,A,,0.034632,0.0,,,,,
24269,mccrone,50812,NA,240,A,C,,0.0,0.035865,,,,,
24747,mccrone,50812,PB1,447,C,T,,0.084894,0.043508,,,,,
25245,mccrone,50842,NS,661,G,A,,0.066982,0.030246,,,,,
25445,mccrone,50851,HA,120,G,T,,0.0,,0.062564,,,,
25507,mccrone,50851,HA,906,A,G,,0.0,,0.066163,,,,
25511,mccrone,50851,HA,945,G,A,,0.0,,0.064648,,,,
25533,mccrone,50851,HA,1287,T,G,,0.0,,0.064526,,,,
25547,mccrone,50851,MP,195,A,G,,0.0,,0.137444,,,,
25556,mccrone,50851,MP,309,T,A,,0.0,,0.138496,,,,
25570,mccrone,50851,MP,441,G,A,,0.0,,0.137647,,,,
25601,mccrone,50851,NA,156,G,A,,0.0,,0.068774,,,,
25615,mccrone,50851,NA,456,A,G,,0.0,,0.066085,,,,
25616,mccrone,50851,NA,472,T,C,,0.0,,0.065853,,,,
25630,mccrone,50851,NA,690,C,T,,0.0,,0.064138,,,,
25631,mccrone,50851,NA,734,A,G,,0.0,,0.067195,,,,
25635,mccrone,50851,NA,843,C,T,,0.0,,0.064467,,,,
25641,mccrone,50851,NA,906,C,A,,0.0,,0.064423,,,,
25647,mccrone,50851,NA,1047,G,A,,0.0,,0.06531,,,,
25655,mccrone,50851,NA,1107,A,G,,0.0,,0.06532,,,,
25668,mccrone,50851,NP,252,T,C,,0.0,,0.042692,,,,
25705,mccrone,50851,NP,690,T,C,,0.0,,0.042427,,,,
25750,mccrone,50851,NP,1362,A,G,,0.0,,0.039661,,,,
25752,mccrone,50851,NS,147,A,T,,0.0,,0.032729,,,,
25753,mccrone,50851,NS,207,G,A,,0.0,,0.035187,,,,
25767,mccrone,50851,NS,676,A,G,,0.0,,0.551528,,,,
25805,mccrone,50851,PA,1078,C,A,,0.0,,0.044908,,,,
25833,mccrone,50851,PA,1584,G,A,,0.0,,0.044872,,,,
25845,mccrone,50851,PA,1788,T,C,,0.0,,0.043651,,,,
25867,mccrone,50851,PB1,634,A,G,,0.0,,0.081747,,,,
25888,mccrone,50851,PB1,1093,C,A,,0.0,,0.086079,,,,
25957,mccrone,50851,PB2,924,G,A,,0.0,,0.033133,,,,
26122,mccrone,50874,HA,1457,A,T,,0.135511,0.0,,,,,
26309,mccrone,50874,NA,482,A,G,,0.033997,0.448319,,,,,
26510,mccrone,50874,NS,312,G,A,,0.030411,0.0,,,,,
26541,mccrone,50874,NS,830,C,A,,0.105263,0.0,,,,,
26663,mccrone,50874,PB1,514,G,A,,0.309807,0.453492,,,,,
26697,mccrone,50874,PB1,1689,A,G,,0.378543,0.452411,,,,,
26699,mccrone,50874,PB1,1782,A,G,,0.261138,0.447752,,,,,
26743,mccrone,50874,PB2,185,G,A,,0.300355,0.498335,,,,,
27385,mccrone,50879,NS,803,C,A,,0.0,,,0.031963,,,
27845,mccrone,50935,HA,626,T,C,,0.0,,,0.137264,,,
28128,mccrone,50935,NA,128,A,G,,0.0,,,0.06308,,,
28232,mccrone,50935,NA,780,G,A,,0.0,,,0.03463,,,
29081,mccrone,50968,HA,850,A,C,,,0.033103,0.0,,,,
29222,mccrone,50968,NA,128,A,G,,,0.0,0.034247,,,,
29534,mccrone,50968,PB1,561,A,G,,,0.0,0.083939,,,,
30006,mccrone,50993,HA,389,C,T,,,,0.031701,,,0.0,
30082,mccrone,50993,MP,278,T,C,,,,0.030586,,,0.0,
30277,mccrone,50993,NS,415,G,A,,,,0.0,,,0.030051,
30335,mccrone,50993,PA,1774,A,G,,,,0.104037,,,0.0,
30399,mccrone,50993,PB1,2088,C,T,,,,0.0,,,0.039216,
30437,mccrone,50993,PB2,1072,G,A,,,,0.034553,,,0.0,
30578,mccrone,51000,HA,1497,T,A,,0.0,,0.045031,,,,
30699,mccrone,51000,NA,940,T,C,,0.0,,0.037337,,,,
31523,mccrone,51046,NP,897,G,A,,,0.203327,0.111595,,,,
31858,mccrone,51046,PB2,183,A,G,,,0.0,0.043576,,,,
31901,mccrone,51046,PB2,807,A,G,,,0.0,0.033738,,,,
32072,mccrone,51055,HA,1245,C,T,,0.0,,0.045976,,,,
32096,mccrone,51055,MP,189,T,C,,0.0,,0.424738,,,,
32279,mccrone,51055,NS,427,A,G,,0.148959,,0.0,,,,
32430,mccrone,51055,PB2,1599,G,A,,0.0,,0.075053,,,,
32448,mccrone,51055,PB2,1980,G,A,,0.0,,0.031192,,,,
32573,mccrone,51059,MP,528,G,A,,0.086695,0.031365,,,,,
32798,mccrone,51059,PA,1590,G,A,,0.0,0.050984,,,,,
33497,mccrone,51073,PB1,894,T,A,,0.341985,,0.04567,,,,
33719,mccrone,51106,HA,430,A,G,,,,0.0,0.106456,,,
34127,mccrone,51106,NP,690,C,T,,,,0.0,0.043033,,,
34175,mccrone,51106,NP,1362,G,A,,,,0.0,0.037071,,,
34330,mccrone,51106,PB1,634,G,A,,,,0.0,0.045686,,,
34359,mccrone,51106,PB1,1093,A,C,,,,0.0,0.043814,,,
34836,mccrone,51359,NA,128,A,G,,,,,,,0.0,0.034005
35723,mccrone,51438,HA,495,T,C,,0.058664,0.489758,,,,,
35733,mccrone,51438,HA,609,G,A,,0.212559,0.035526,,,,,
35966,mccrone,51438,NP,869,A,G,,0.0,0.044655,,,,,
36017,mccrone,51438,NS,512,T,C,,0.051092,0.488207,,,,,
36049,mccrone,51438,PA,906,C,T,,0.090998,0.076632,,,,,
36097,mccrone,51438,PB1,414,G,A,,0.216182,0.039312,,,,,
36270,swine,1-5,HA,1181,A,C,,,,,,0.064559,,0.558641
36277,swine,1-5,MP,449,C,T,,,,,,0.074509,,0.0
36290,swine,1-5,NP,1477,G,T,,,,,,0.035078,,0.0
36323,swine,1-5,NS,739,G,A,,,,,,0.326441,,0.034699
36327,swine,1-5,PA,1035,C,T,,,,,,0.0,,0.237663
36335,swine,1-5,PB1,347,A,G,,,,,,0.347235,,0.0
36342,swine,1-5,PB1,1370,A,G,,,,,,0.122408,,0.030689
36344,swine,1-5,PB1,1550,T,C,,,,,,0.0,,0.047077
36350,swine,1-5,PB2,581,A,G,,,,,,0.479035,,0.367066
36359,swine,1-5,PB2,1388,T,C,,,,,,0.369333,,0.030701
36372,swine,20352,HA,625,A,G,,,,,0.0,0.0,0.0,0.099111
36380,swine,20352,HA,918,C,T,,,,,0.0,0.0,0.0,0.111346
36397,swine,20352,HA,1351,C,A,,,,,0.0,0.0,0.0,0.069156
36398,swine,20352,HA,1371,C,A,,,,,0.0,0.0,0.0,0.066001
36403,swine,20352,HA,1677,C,T,,,,,0.0,0.0,0.207722,0.0
36432,swine,20352,NA,736,T,G,,,,,0.0,0.0,0.034508,0.0
36460,swine,20352,NP,339,A,G,,,,,0.0,0.0,0.040799,0.0
36511,swine,20352,PA,800,C,T,,,,,0.0,0.0,0.0,0.032225
36513,swine,20352,PA,842,A,C,,,,,0.0,0.0,0.0,0.031388
36515,swine,20352,PA,1016,A,G,,,,,0.0,0.0,0.0,0.032759
36517,swine,20352,PA,1083,G,A,,,,,0.0,0.0,0.099239,0.0
36535,swine,20352,PB1,395,C,T,,,,,0.0,0.0,0.0,0.037445
36546,swine,20352,PB1,1344,C,T,,,,,0.0,0.0,0.162707,0.0
36547,swine,20352,PB1,1361,C,T,,,,,0.0,0.0,0.051487,0.0
36548,swine,20352,PB1,1370,A,G,,,,,0.054454,0.062337,0.129574,0.048383
36624,swine,20361,NA,200,A,G,,,,,0.212206,,0.0,
36666,swine,20361,PB1,1370,A,G,,,,,0.13796,,0.079563,
36674,swine,20361,PB1,1902,T,C,,,,,0.408673,,0.301644,
36687,swine,20361,PB2,1223,A,G,,,,,0.0,,0.050925,
36696,swine,20368,HA,386,A,G,,,,,,0.0,,0.049415
36707,swine,20368,HA,1697,T,C,,,,,,0.0,,0.112047
36732,swine,20368,NP,641,G,A,,,,,,0.0,,0.215306
36733,swine,20368,NP,767,T,C,,,,,,0.0,,0.039019
36734,swine,20368,NP,806,C,T,,,,,,0.0,,0.218872
36735,swine,20368,NP,919,C,A,,,,,,0.040719,,0.0
36740,swine,20368,NS,325,C,A,,,,,,0.03032,,0.0
36742,swine,20368,PA,584,A,G,,,,,,0.052769,,0.0
36744,swine,20368,PA,884,C,T,,,,,,0.035451,,0.0
36747,swine,20368,PA,1389,G,A,,,,,,0.054936,,0.0
36748,swine,20368,PA,1791,G,A,,,,,,0.0,,0.050909
36749,swine,20368,PB1,135,G,A,,,,,,0.0,,0.692308
36750,swine,20368,PB1,168,A,G,,,,,,0.0,,0.769231
36751,swine,20368,PB1,174,C,T,,,,,,0.0,,0.692308
36752,swine,20368,PB1,201,C,T,,,,,,0.0,,0.785714
36753,swine,20368,PB1,207,C,T,,,,,,0.0,,0.785714
36754,swine,20368,PB1,213,G,A,,,,,,0.0,,0.714286
36755,swine,20368,PB1,222,C,T,,,,,,0.0,,0.785714
36756,swine,20368,PB1,225,G,A,,,,,,0.0,,0.785714
36757,swine,20368,PB1,333,G,A,,,,,,0.0,,0.947368
36758,swine,20368,PB1,339,T,C,,,,,,0.0,,0.947368
36759,swine,20368,PB1,342,T,C,,,,,,0.0,,0.941176
36760,swine,20368,PB1,360,C,T,,,,,,0.0,,0.952381
36761,swine,20368,PB1,369,T,C,,,,,,0.0,,0.947368
36762,swine,20368,PB1,372,A,G,,,,,,0.0,,0.947368
36763,swine,20368,PB1,384,T,A,,,,,,0.0,,0.952381
36764,swine,20368,PB1,402,C,T,,,,,,0.0,,1.0
36765,swine,20368,PB1,423,A,T,,,,,,0.0,,1.0
36766,swine,20368,PB1,465,G,A,,,,,,0.0,,1.0
36767,swine,20368,PB1,471,C,T,,,,,,0.0,,1.0
36768,swine,20368,PB1,477,A,G,,,,,,0.0,,1.0
36769,swine,20368,PB1,480,G,A,,,,,,0.0,,1.0
36770,swine,20368,PB1,489,A,G,,,,,,0.0,,1.0
36771,swine,20368,PB1,723,C,T,,,,,,0.0,,0.714286
36772,swine,20368,PB1,735,G,A,,,,,,0.0,,0.75
36773,swine,20368,PB1,750,T,G,,,,,,0.0,,0.75
36774,swine,20368,PB1,771,T,A,,,,,,0.0,,0.692308
36775,swine,20368,PB1,772,T,C,,,,,,0.0,,0.692308
36776,swine,20368,PB1,791,G,A,,,,,,0.0,,1.0
36777,swine,20368,PB1,792,A,G,,,,,,0.0,,0.714286
36779,swine,20368,PB1,804,G,A,,,,,,0.0,,0.736842
36780,swine,20368,PB1,807,A,C,,,,,,0.0,,0.736842
36781,swine,20368,PB1,852,T,C,,,,,,0.0,,0.8125
36782,swine,20368,PB1,858,A,G,,,,,,0.0,,0.866667
36783,swine,20368,PB1,876,C,T,,,,,,0.0,,0.846154
36784,swine,20368,PB1,879,A,G,,,,,,0.0,,0.846154
36785,swine,20368,PB1,906,C,T,,,,,,0.0,,0.941176
36786,swine,20368,PB1,957,A,G,,,,,,0.0,,1.0
36787,swine,20368,PB1,960,A,G,,,,,,0.0,,1.0
36788,swine,20368,PB1,984,T,C,,,,,,0.0,,1.0
36789,swine,20368,PB1,1053,T,A,,,,,,0.0,,0.95
36790,swine,20368,PB1,1056,A,G,,,,,,0.0,,0.944444
36791,swine,20368,PB1,1062,T,G,,,,,,0.0,,1.0
36792,swine,20368,PB1,1071,T,C,,,,,,0.0,,1.0
36793,swine,20368,PB1,1088,G,A,,,,,,0.0,,1.0
36794,swine,20368,PB1,1110,G,A,,,,,,0.0,,1.0
36795,swine,20368,PB1,1120,G,T,,,,,,0.0,,1.0
36796,swine,20368,PB1,1128,C,T,,,,,,0.0,,1.0
36797,swine,20368,PB1,1160,G,A,,,,,,0.0,,0.928571
36798,swine,20368,PB1,1182,T,C,,,,,,0.0,,0.928571
36799,swine,20368,PB1,1185,A,C,,,,,,0.0,,0.933333
36800,swine,20368,PB1,1203,G,A,,,,,,0.0,,0.923077
36801,swine,20368,PB1,1207,T,C,,,,,,0.0,,0.944444
36802,swine,20368,PB1,1317,T,C,,,,,,0.0,,0.85
36803,swine,20368,PB1,1335,T,C,,,,,,0.0,,0.952381
36804,swine,20368,PB1,1338,C,T,,,,,,0.0,,0.952381
36805,swine,20368,PB1,1351,A,G,,,,,,0.0,,0.882353
36806,swine,20368,PB1,1356,T,C,,,,,,0.0,,0.882353
36807,swine,20368,PB1,1374,A,G,,,,,,0.0,,0.9
36808,swine,20368,PB1,1377,A,C,,,,,,0.0,,0.818182
36809,swine,20368,PB1,1386,A,G,,,,,,0.0,,0.95
36810,swine,20368,PB1,1389,A,G,,,,,,0.0,,1.0
36811,swine,20368,PB1,1410,T,C,,,,,,0.0,,1.0
36812,swine,20368,PB1,1413,A,G,,,,,,0.0,,1.0
36813,swine,20368,PB1,1422,G,A,,,,,,0.0,,1.0
36814,swine,20368,PB1,1446,A,C,,,,,,0.0,,0.965517
36815,swine,20368,PB1,1464,G,A,,,,,,0.0,,0.931035
36816,swine,20368,PB1,1554,T,C,,,,,,0.0,,0.911765
36817,swine,20368,PB1,1587,G,A,,,,,,0.0,,0.933333
36818,swine,20368,PB1,1632,C,T,,,,,,0.0,,0.888889
36819,swine,20368,PB1,1647,A,G,,,,,,0.0,,0.884615
36820,swine,20368,PB1,1674,A,C,,,,,,0.0,,0.956522
36821,swine,20368,PB1,1688,A,G,,,,,,0.0,,1.0
36822,swine,20368,PB1,1701,A,G,,,,,,0.0,,0.941176
36823,swine,20368,PB1,1704,T,C,,,,,,0.0,,1.0
36824,swine,20368,PB1,1707,G,A,,,,,,0.0,,1.0
36825,swine,20368,PB1,1710,A,G,,,,,,0.0,,1.0
36826,swine,20368,PB1,1722,C,T,,,,,,0.127899,,0.0
36827,swine,20368,PB1,1725,A,G,,,,,,0.0,,1.0
36828,swine,20368,PB1,1733,G,A,,,,,,0.0,,1.0
36829,swine,20368,PB1,1758,A,G,,,,,,0.0,,1.0
36830,swine,20368,PB1,1764,A,G,,,,,,0.0,,0.95
36831,swine,20368,PB1,1768,T,C,,,,,,0.0,,1.0
36832,swine,20368,PB1,1785,G,A,,,,,,0.0,,0.909091
36833,swine,20368,PB1,1797,T,C,,,,,,0.0,,0.909091
36834,swine,20368,PB1,1806,G,A,,,,,,0.0,,0.894737
36835,swine,20368,PB1,1812,T,C,,,,,,0.0,,0.894737
36836,swine,20368,PB1,1842,C,G,,,,,,0.0,,0.904762
36837,swine,20368,PB1,1875,T,C,,,,,,0.0,,0.888889
36838,swine,20368,PB1,1887,C,T,,,,,,0.0,,0.888889
36839,swine,20368,PB1,1893,C,T,,,,,,0.0,,0.875
36840,swine,20368,PB1,1925,G,A,,,,,,0.0,,0.823529
36841,swine,20368,PB1,1941,C,A,,,,,,0.0,,0.928571
36842,swine,20368,PB1,1950,C,T,,,,,,0.0,,0.933333
36843,swine,20368,PB1,1953,C,A,,,,,,0.0,,0.933333
36844,swine,20368,PB1,1980,T,A,,,,,,0.0,,0.666667
36845,swine,20368,PB1,1995,A,C,,,,,,0.0,,0.733333
36846,swine,20368,PB1,2001,T,C,,,,,,0.0,,0.789474
36847,swine,20368,PB1,2028,T,C,,,,,,0.0,,0.809524
36848,swine,20368,PB1,2049,C,T,,,,,,0.0,,0.789474
36849,swine,20368,PB1,2073,A,G,,,,,,0.0,,0.882353
36850,swine,20368,PB1,2082,C,T,,,,,,0.0,,0.9375
36851,swine,20368,PB1,2085,A,G,,,,,,0.0,,0.888889
36852,swine,20368,PB1,2112,A,G,,,,,,0.0,,0.882353
36853,swine,20368,PB1,2124,A,G,,,,,,0.0,,0.882353
36854,swine,20368,PB1,2130,A,G,,,,,,0.0,,0.846154
36855,swine,20368,PB2,96,G,A,,,,,,0.0,,1.0
36856,swine,20368,PB2,99,A,G,,,,,,0.0,,1.0
36857,swine,20368,PB2,105,A,G,,,,,,0.0,,1.0
36858,swine,20368,PB2,117,A,G,,,,,,0.0,,1.0
36859,swine,20368,PB2,126,T,C,,,,,,0.0,,1.0
36860,swine,20368,PB2,156,G,A,,,,,,0.0,,0.958333
36861,swine,20368,PB2,165,C,T,,,,,,0.0,,0.958333
36862,swine,20368,PB2,183,G,A,,,,,,0.0,,0.923077
36863,swine,20368,PB2,227,T,C,,,,,,0.0,,0.894737
36864,swine,20368,PB2,245,A,C,,,,,,0.0,,0.888889
36865,swine,20368,PB2,264,C,T,,,,,,0.0,,0.789474
36866,swine,20368,PB2,279,T,C,,,,,,0.0,,0.888889
36867,swine,20368,PB2,285,T,C,,,,,,0.0,,0.882353
36868,swine,20368,PB2,306,T,C,,,,,,0.0,,0.875
36869,swine,20368,PB2,309,T,C,,,,,,0.0,,0.882353
36870,swine,20368,PB2,316,G,A,,,,,,0.0,,0.888889
36872,swine,20368,PB2,345,T,C,,,,,,0.0,,0.941176
36873,swine,20368,PB2,375,G,A,,,,,,0.0,,0.933333
36874,swine,20368,PB2,379,C,T,,,,,,0.0,,0.9375
36875,swine,20368,PB2,396,T,C,,,,,,0.0,,0.866667
36876,swine,20368,PB2,399,C,T,,,,,,0.0,,0.866667
36877,swine,20368,PB2,447,T,C,,,,,,0.0,,0.9375
36878,swine,20368,PB2,450,A,T,,,,,,0.0,,0.9375
36879,swine,20368,PB2,471,A,G,,,,,,0.0,,0.933333
36880,swine,20368,PB2,510,T,C,,,,,,0.0,,0.923077
36881,swine,20368,PB2,513,G,A,,,,,,0.0,,0.923077
36882,swine,20368,PB2,523,A,T,,,,,,0.04703,,0.0
36883,swine,20368,PB2,540,A,G,,,,,,0.0,,0.916667
36884,swine,20368,PB2,627,G,A,,,,,,0.0,,0.888889
36885,swine,20368,PB2,630,G,A,,,,,,0.0,,0.882353
36886,swine,20368,PB2,633,A,G,,,,,,0.0,,0.875
36887,swine,20368,PB2,640,G,A,,,,,,0.0,,1.0
36888,swine,20368,PB2,654,C,T,,,,,,0.0,,0.882353
36889,swine,20368,PB2,673,G,A,,,,,,0.0,,0.875
36890,swine,20368,PB2,696,G,A,,,,,,0.0,,0.947368
36891,swine,20368,PB2,723,G,A,,,,,,0.0,,0.954545
36892,swine,20368,PB2,753,G,A,,,,,,0.0,,1.0
36893,swine,20368,PB2,786,T,C,,,,,,0.0,,1.0
36894,swine,20368,PB2,792,G,A,,,,,,0.0,,1.0
36895,swine,20368,PB2,837,C,T,,,,,,0.0,,1.0
36896,swine,20368,PB2,864,G,A,,,,,,0.0,,1.0
36897,swine,20368,PB2,873,G,A,,,,,,0.0,,1.0
36898,swine,20368,PB2,876,A,T,,,,,,0.0,,1.0
36899,swine,20368,PB2,883,G,A,,,,,,0.0,,1.0
36900,swine,20368,PB2,891,T,C,,,,,,0.0,,1.0
36901,swine,20368,PB2,896,G,A,,,,,,0.0,,1.0
36902,swine,20368,PB2,903,T,C,,,,,,0.0,,0.952381
36903,swine,20368,PB2,924,A,G,,,,,,0.0,,0.916667
36904,swine,20368,PB2,963,A,C,,,,,,0.0,,0.92
36905,swine,20368,PB2,975,C,T,,,,,,0.0,,0.92
36906,swine,20368,PB2,981,A,G,,,,,,0.0,,0.92
36907,swine,20368,PB2,996,A,G,,,,,,0.0,,0.833333
36908,swine,20368,PB2,1005,A,G,,,,,,0.0,,0.913043
36909,swine,20368,PB2,1011,A,T,,,,,,0.0,,0.909091
36910,swine,20368,PB2,1017,A,G,,,,,,0.0,,0.9
36911,swine,20368,PB2,1023,G,A,,,,,,0.0,,0.882353
36912,swine,20368,PB2,1030,A,G,,,,,,0.0,,0.875
36913,swine,20368,PB2,1074,A,G,,,,,,0.066388,,0.0
36914,swine,20368,PB2,1077,G,A,,,,,,0.0,,0.909091
36915,swine,20368,PB2,1083,A,G,,,,,,0.0,,0.916667
36916,swine,20368,PB2,1090,A,G,,,,,,0.0,,0.769231
36917,swine,20368,PB2,1103,A,G,,,,,,0.0,,0.916667
36918,swine,20368,PB2,1128,G,A,,,,,,0.0,,0.928571
36919,swine,20368,PB2,1146,A,C,,,,,,0.0,,0.928571
36920,swine,20368,PB2,1164,G,A,,,,,,0.0,,0.9375
36921,swine,20368,PB2,1173,G,C,,,,,,0.0,,0.9375
36922,swine,20368,PB2,1176,G,A,,,,,,0.0,,0.9375
36923,swine,20368,PB2,1209,G,A,,,,,,0.0,,0.916667
36924,swine,20368,PB2,1236,G,A,,,,,,0.064006,,0.0
36926,swine,20368,PB2,1344,T,C,,,,,,0.0,,0.857143
36927,swine,20368,PB2,1350,A,G,,,,,,0.0,,0.863636
36928,swine,20368,PB2,1351,G,A,,,,,,0.0,,0.863636
36929,swine,20368,PB2,1365,T,C,,,,,,0.0,,0.826087
36930,swine,20368,PB2,1371,G,A,,,,,,0.0,,0.869565
36931,swine,20368,PB2,1386,G,A,,,,,,0.0,,0.869565
36932,swine,20368,PB2,1407,T,A,,,,,,0.0,,0.888889
36933,swine,20368,PB2,1410,T,C,,,,,,0.0,,0.888889
36934,swine,20368,PB2,1431,G,T,,,,,,0.0,,0.896552
36935,swine,20368,PB2,1455,G,A,,,,,,0.0,,0.95
36936,swine,20368,PB2,1470,C,T,,,,,,0.0,,1.0
36937,swine,20368,PB2,1483,A,G,,,,,,0.0,,1.0
36938,swine,20368,PB2,1533,A,G,,,,,,0.0,,1.0
36939,swine,20368,PB2,1534,T,C,,,,,,0.0,,1.0
36940,swine,20368,PB2,1536,G,A,,,,,,0.0,,1.0
36941,swine,20368,PB2,1542,T,C,,,,,,0.0,,1.0
36942,swine,20368,PB2,1545,A,T,,,,,,0.0,,1.0
36943,swine,20368,PB2,1566,A,G,,,,,,0.0,,1.0
36944,swine,20368,PB2,1584,A,C,,,,,,0.0,,1.0
36945,swine,20368,PB2,1641,A,C,,,,,,0.0,,0.923077
36946,swine,20368,PB2,1647,T,C,,,,,,0.0,,0.923077
36947,swine,20368,PB2,1668,C,T,,,,,,0.0,,0.9375
36948,swine,20368,PB2,1677,T,C,,,,,,0.0,,0.928571
36949,swine,20368,PB2,1678,C,T,,,,,,0.0,,0.928571
36950,swine,20368,PB2,1698,A,G,,,,,,0.0,,0.923077
36951,swine,20368,PB2,1707,T,G,,,,,,0.0,,0.928571
36952,swine,20368,PB2,1721,G,A,,,,,,0.0,,0.923077
36954,swine,20368,PB2,1767,G,A,,,,,,0.0,,0.9
36955,swine,20368,PB2,1833,C,T,,,,,,0.0,,0.833333
36956,swine,20368,PB2,1838,C,T,,,,,,0.0,,0.833333
36957,swine,20368,PB2,1899,T,C,,,,,,0.0,,0.75
36958,swine,20368,PB2,1905,T,A,,,,,,0.0,,0.857143
36959,swine,20368,PB2,1920,G,A,,,,,,0.0,,0.882353
36960,swine,20368,PB2,1933,T,C,,,,,,0.0,,0.875
36962,swine,20368,PB2,1991,G,A,,,,,,0.0,,0.96
36963,swine,20368,PB2,2022,G,A,,,,,,0.0,,0.96
36965,swine,20368,PB2,2046,A,C,,,,,,0.0,,0.954545
36966,swine,20368,PB2,2052,A,T,,,,,,0.0,,1.0
36967,swine,20368,PB2,2070,T,C,,,,,,0.0,,1.0
36968,swine,20368,PB2,2092,A,G,,,,,,0.0,,1.0
36969,swine,20368,PB2,2100,G,A,,,,,,0.0,,1.0
36970,swine,20368,PB2,2137,T,C,,,,,,0.0,,1.0
36971,swine,20368,PB2,2215,A,C,,,,,,0.0,,1.0
36978,swine,20387,HA,1052,T,A,,,,,,0.069778,0.0,
36979,swine,20387,HA,1053,C,A,,,,,,0.071361,0.0,
36983,swine,20387,HA,1557,A,G,,,,,,0.049404,0.0,
36986,swine,20387,MP,816,C,T,,,,,,0.036153,0.0,
36987,swine,20387,MP,820,T,A,,,,,,0.070046,0.0,
36989,swine,20387,NA,183,C,A,,,,,,0.036033,0.0,
36991,swine,20387,NA,288,A,G,,,,,,0.0,0.145284,
36994,swine,20387,NA,684,G,C,,,,,,0.136298,0.0,
36995,swine,20387,NA,736,T,G,,,,,,0.0,0.076107,
36997,swine,20387,NA,993,C,T,,,,,,0.118434,0.0,
37013,swine,20387,NS,597,G,T,,,,,,0.050654,0.0,
37018,swine,20387,PA,766,C,T,,,,,,0.084611,0.0,
37023,swine,20387,PA,1773,G,T,,,,,,0.038334,0.0,
37024,swine,20387,PA,1909,T,A,,,,,,0.0343,0.0,
37026,swine,20387,PB1,630,A,G,,,,,,0.0,0.302038,
37029,swine,20387,PB1,1089,G,A,,,,,,0.307672,0.0,
37031,swine,20387,PB1,1370,A,G,,,,,,0.059685,0.106156,
37038,swine,20387,PB1,2111,C,T,,,,,,0.069157,0.0,
37039,swine,20387,PB2,172,A,C,,,,,,0.038424,0.0,
37043,swine,20387,PB2,1506,G,A,,,,,,0.0,0.030803,
37046,swine,20387,PB2,2109,A,G,,,,,,0.087068,0.0,
37052,swine,20396,HA,1046,G,A,,,,,,,0.119372,0.0
37054,swine,20396,HA,1052,T,A,,,,,,,0.0,0.037528
37055,swine,20396,HA,1053,C,A,,,,,,,0.0,0.038491
37058,swine,20396,HA,1533,G,A,,,,,,,0.159591,0.0
37061,swine,20396,MP,418,A,T,,,,,,,0.031398,0.0
37065,swine,20396,MP,929,C,T,,,,,,,0.045873,0.0
37070,swine,20396,NA,736,G,T,,,,,,,0.080349,0.0
37074,swine,20396,NP,113,G,A,,,,,,,0.0,0.189346
37075,swine,20396,NP,194,G,A,,,,,,,0.062897,0.0
37077,swine,20396,NP,242,A,G,,,,,,,0.050392,0.0
37078,swine,20396,NP,765,C,T,,,,,,,0.054677,0.0
37083,swine,20396,NP,1266,A,G,,,,,,,0.047609,0.0
37095,swine,20396,PA,501,C,T,,,,,,,0.0,0.054575
37098,swine,20396,PA,760,A,G,,,,,,,0.0,0.037343
37104,swine,20396,PA,1553,T,C,,,,,,,0.035669,0.0
37108,swine,20396,PB1,386,A,G,,,,,,,0.0,0.201599
37111,swine,20396,PB1,634,G,A,,,,,,,0.0,0.19492
37112,swine,20396,PB1,1370,A,G,,,,,,,0.040482,0.0
37115,swine,20396,PB1,1674,C,T,,,,,,,0.0,0.139422
37116,swine,20396,PB1,2048,T,C,,,,,,,0.0,0.297553
37118,swine,20396,PB2,178,G,A,,,,,,,0.044192,0.0
37123,swine,20396,PB2,448,G,A,,,,,,,0.0,0.185825
37132,swine,20396,PB2,1838,T,C,,,,,,,0.033889,0.0
37136,swine,20397,HA,547,A,G,,,,,,,0.045703,0.0
37138,swine,20397,HA,662,C,T,,,,,,,0.042616,0.0
37140,swine,20397,HA,1035,A,G,,,,,,,0.0,0.030622
37172,swine,20397,NA,736,G,T,,,,,,,0.421789,0.801331
37224,swine,20397,NS,739,G,A,,,,,,,0.096617,0.0
37233,swine,20397,PA,857,A,G,,,,,,,0.039087,0.0
37238,swine,20397,PA,1197,G,A,,,,,,,0.057622,0.0
37255,swine,20397,PB1,722,T,C,,,,,,,0.035714,0.0
37256,swine,20397,PB1,807,C,T,,,,,,,0.0,0.053662
37262,swine,20397,PB1,1370,A,G,,,,,,,0.053107,0.039424
37280,swine,20397,PB2,282,G,A,,,,,,,0.0,0.079528
37287,swine,20397,PB2,1090,G,A,,,,,,,0.0,0.048833
37288,swine,20397,PB2,1188,A,G,,,,,,,0.483658,0.18692
37291,swine,20397,PB2,1497,C,T,,,,,,,0.0,0.044156
37292,swine,20397,PB2,1531,G,A,,,,,,,0.036905,0.0
37298,swine,20397,PB2,1730,T,C,,,,,,,0.03217,0.0
37300,swine,20397,PB2,1890,G,A,,,,,,,0.033684,0.0
37301,swine,20397,PB2,1959,T,C,,,,,,,0.030261,0.0
37322,swine,20423,HA,348,A,G,,,0.0,,0.032145,,,
37334,swine,20423,HA,515,G,A,,,0.500871,,0.653341,,,
37349,swine,20423,HA,722,C,A,,,0.0,,0.030356,,,
37350,swine,20423,HA,735,C,T,,,0.0,,0.100076,,,
37352,swine,20423,HA,759,T,G,,,0.0,,0.032849,,,
37353,swine,20423,HA,768,G,A,,,0.0,,0.032757,,,
37354,swine,20423,HA,813,C,A,,,0.0,,0.033004,,,
37355,swine,20423,HA,820,T,A,,,0.0,,0.030836,,,
37370,swine,20423,HA,991,A,C,,,0.0,,0.030074,,,
37383,swine,20423,HA,1125,A,G,,,0.0,,0.031273,,,
37384,swine,20423,HA,1172,G,A,,,0.0,,0.030213,,,
37385,swine,20423,HA,1176,C,T,,,0.0,,0.031151,,,
37388,swine,20423,HA,1212,C,T,,,0.0,,0.030126,,,
37390,swine,20423,HA,1244,G,A,,,0.0,,0.031811,,,
37391,swine,20423,HA,1249,T,C,,,0.0,,0.030079,,,
37392,swine,20423,HA,1256,G,A,,,0.0,,0.030456,,,
37393,swine,20423,HA,1281,G,A,,,0.0,,0.030009,,,
37394,swine,20423,HA,1296,T,C,,,0.0,,0.033471,,,
37395,swine,20423,HA,1297,G,C,,,0.0,,0.033678,,,
37396,swine,20423,HA,1299,A,G,,,0.0,,0.034156,,,
37397,swine,20423,HA,1302,T,C,,,0.0,,0.034275,,,
37398,swine,20423,HA,1341,G,A,,,0.0,,0.033251,,,
37399,swine,20423,HA,1359,T,C,,,0.0,,0.032146,,,
37400,swine,20423,HA,1368,C,T,,,0.0,,0.034115,,,
37401,swine,20423,HA,1380,A,G,,,0.0,,0.031414,,,
37402,swine,20423,HA,1382,T,A,,,0.0,,0.032603,,,
37403,swine,20423,HA,1395,A,G,,,0.0,,0.03092,,,
37404,swine,20423,HA,1398,G,A,,,0.0,,0.030182,,,
37406,swine,20423,HA,1437,T,C,,,0.0,,0.031055,,,
37440,swine,20423,NA,372,C,T,,,0.0,,0.043195,,,
37441,swine,20423,NA,1062,T,C,,,0.0,,0.035544,,,
37442,swine,20423,NA,1302,C,T,,,0.0,,0.042736,,,
37443,swine,20423,NP,187,A,G,,,0.452362,,0.242417,,,
37448,swine,20423,NP,434,A,G,,,0.0,,0.041998,,,
37449,swine,20423,NP,577,C,A,,,0.0,,0.055645,,,
37450,swine,20423,NP,880,G,A,,,0.0,,0.03623,,,
37451,swine,20423,NP,1124,A,G,,,0.0,,0.038079,,,
37452,swine,20423,NP,1477,G,A,,,0.0,,0.049011,,,
37465,swine,20423,NS,769,T,C,,,0.422065,,0.993323,,,
37466,swine,20423,NS,805,A,G,,,0.0,,0.053802,,,
37467,swine,20423,PA,545,T,C,,,0.0,,0.097546,,,
37483,swine,20423,PB1,1760,T,C,,,0.429442,,0.038566,,,
37484,swine,20423,PB1,1803,C,T,,,0.0,,0.033801,,,
37488,swine,20423,PB1,2084,T,C,,,0.0,,0.085617,,,
37489,swine,20423,PB1,2110,T,A,,,0.0,,0.112348,,,
37490,swine,20423,PB2,142,A,G,,,0.066916,,0.0,,,
37492,swine,20423,PB2,665,G,A,,,0.0,,0.076373,,,
37493,swine,20423,PB2,699,T,C,,,0.412013,,0.286369,,,
37494,swine,20423,PB2,700,T,C,,,0.0,,0.039791,,,
37497,swine,20423,PB2,1120,C,T,,,0.069736,,0.0,,,
37501,swine,20423,PB2,1728,A,G,,,0.0,,0.118445,,,
37502,swine,20423,PB2,2056,G,A,,,0.064733,,0.0,,,
37503,swine,20423,PB2,2057,T,G,,,0.033032,,0.0,,,
37505,swine,20426,HA,154,A,C,,,,0.0,,0.591066,,
37524,swine,20426,HA,515,G,A,,,,0.0,,0.39438,,
37595,swine,20426,MP,347,C,T,,,,0.0,,0.04092,,
37604,swine,20426,NA,232,C,T,,,,0.0,,0.168979,,
37605,swine,20426,NA,339,C,T,,,,0.0,,0.091428,,
37611,swine,20426,NA,1003,T,C,,,,0.0,,0.170826,,
37612,swine,20426,NA,1327,A,G,,,,0.0,,0.172837,,
37614,swine,20426,NP,187,G,A,,,,0.0,,0.655943,,
37638,swine,20426,NS,680,G,A,,,,0.0,,0.05506,,
37654,swine,20426,PA,1627,C,T,,,,0.033737,,0.0,,
37660,swine,20426,PB1,771,T,A,,,,0.0,,0.461538,,
37661,swine,20426,PB1,772,T,C,,,,0.0,,0.461538,,
37662,swine,20426,PB1,792,A,G,,,,0.0,,0.461538,,
37663,swine,20426,PB1,804,G,A,,,,0.0,,0.571429,,
37664,swine,20426,PB1,807,A,C,,,,0.0,,0.642857,,
37665,swine,20426,PB1,852,T,C,,,,0.0,,0.647059,,
37666,swine,20426,PB1,858,A,G,,,,0.0,,0.666667,,
37667,swine,20426,PB1,876,C,T,,,,0.0,,0.631579,,
37668,swine,20426,PB1,879,A,G,,,,0.0,,0.611111,,
37669,swine,20426,PB1,906,C,T,,,,0.0,,0.625,,
37672,swine,20426,PB1,957,A,G,,,,0.0,,0.666667,,
37673,swine,20426,PB1,960,A,G,,,,0.0,,0.666667,,
37675,swine,20426,PB1,984,T,C,,,,0.0,,0.695652,,
37678,swine,20426,PB1,1053,T,A,,,,0.0,,0.705882,,
37679,swine,20426,PB1,1056,C,A,,,,0.165078,,0.0,,
37680,swine,20426,PB1,1056,C,G,,,,0.0,,0.705882,,
37681,swine,20426,PB1,1062,T,G,,,,0.0,,0.733333,,
37682,swine,20426,PB1,1071,T,C,,,,0.0,,0.75,,
37683,swine,20426,PB1,1088,G,A,,,,0.0,,0.733333,,
37684,swine,20426,PB1,1110,G,A,,,,0.0,,0.6875,,
37685,swine,20426,PB1,1120,G,T,,,,0.0,,0.714286,,
37686,swine,20426,PB1,1128,C,T,,,,0.0,,0.733333,,
37687,swine,20426,PB1,1160,G,A,,,,0.0,,0.6,,
37688,swine,20426,PB1,1182,T,C,,,,0.0,,0.538462,,
37689,swine,20426,PB1,1185,A,C,,,,0.0,,0.533333,,
37690,swine,20426,PB1,1203,G,A,,,,0.0,,0.6875,,
37691,swine,20426,PB1,1207,T,C,,,,0.0,,0.631579,,
37692,swine,20426,PB1,1317,T,C,,,,0.0,,0.5,,
37693,swine,20426,PB1,1335,T,C,,,,0.0,,0.48,,
37694,swine,20426,PB1,1338,C,T,,,,0.0,,0.48,,
37695,swine,20426,PB1,1351,A,G,,,,0.0,,0.48,,
37696,swine,20426,PB1,1356,T,C,,,,0.0,,0.5,,
37699,swine,20426,PB1,1758,A,G,,,,0.0,,0.035557,,
37700,swine,20426,PB1,1786,C,T,,,,0.0,,0.078391,,
37701,swine,20426,PB1,1983,A,G,,,,0.0,,0.064212,,
37702,swine,20426,PB1,2042,G,A,,,,0.0,,0.059286,,
37703,swine,20426,PB2,363,A,G,,,,0.0,,0.371951,,
37706,swine,20426,PB2,699,C,T,,,,0.0,,0.385088,,
37708,swine,20426,PB2,805,A,G,,,,0.0,,0.096008,,
37709,swine,20426,PB2,948,G,A,,,,0.03142,,0.0,,
37718,swine,20426,PB2,2159,A,G,,,,0.045498,,0.0,,
37719,swine,20430,HA,38,C,A,,,0.100102,0.0,0.0,,,
37766,swine,20430,NP,184,A,T,,,0.0,0.031342,0.0,,,
37774,swine,20430,NP,716,T,C,,,0.030419,0.0,0.0,,,
37789,swine,20430,PA,185,T,C,,,0.0,0.036891,0.0,,,
37790,swine,20430,PA,192,A,C,,,0.0,0.055639,0.0,,,
37803,swine,20430,PA,811,C,T,,,0.0,0.0,0.059397,,,
37812,swine,20430,PA,1260,A,T,,,0.0,0.0,0.058338,,,
37841,swine,20430,PB1,1683,C,T,,,0.0,0.289751,0.055602,,,
37848,swine,20430,PB2,258,G,A,,,0.0,0.0,0.096874,,,
37879,swine,20430,PB2,2056,G,A,,,0.0,0.0,0.046756,,,
37880,swine,20430,PB2,2112,T,A,,,0.062081,0.0,0.0,,,
37882,swine,20457,HA,584,C,A,,,,,,0.038112,0.0,
37885,swine,20457,HA,877,G,T,,,,,,0.0,0.035851,
37886,swine,20457,HA,956,A,G,,,,,,0.056823,0.0,
37887,swine,20457,HA,1071,C,G,,,,,,0.0,0.391893,
37888,swine,20457,HA,1482,A,G,,,,,,0.0,0.414974,
37914,swine,20457,NP,455,G,A,,,,,,0.037843,0.0,
37921,swine,20457,NP,1180,G,T,,,,,,0.03145,0.0,
37922,swine,20457,NP,1287,C,T,,,,,,0.044608,0.0,
37927,swine,20457,PA,287,A,G,,,,,,0.238148,0.036272,
37930,swine,20457,PA,1026,A,G,,,,,,0.0,0.911197,
37931,swine,20457,PA,1278,T,C,,,,,,0.032085,0.0,
37933,swine,20457,PB1,387,T,A,,,,,,0.071919,0.0,
37934,swine,20457,PB1,390,T,G,,,,,,0.059265,0.0,
37935,swine,20457,PB1,504,G,A,,,,,,0.0,0.915069,
37949,swine,20457,PB1,1986,T,A,,,,,,0.032886,0.0,
37952,swine,20457,PB2,1271,C,T,,,,,,0.031713,0.0,
37953,swine,20457,PB2,1441,A,G,,,,,,0.055469,0.0,
37954,swine,20457,PB2,1702,C,T,,,,,,0.053506,0.0,
37957,swine,20464,HA,93,G,A,,,,,,0.0,0.613451,
37958,swine,20464,HA,174,G,A,,,,,,0.0,0.25968,
37967,swine,20464,HA,1110,A,G,,,,,,0.0,0.919471,
37971,swine,20464,HA,1615,T,C,,,,,,0.034527,0.0,
37980,swine,20464,NA,736,T,G,,,,,,0.097972,0.890197,
37997,swine,20464,NP,1257,C,T,,,,,,0.0,0.897903,
38025,swine,20464,PB1,176,C,G,,,,,,0.047361,0.0,
38030,swine,20464,PB1,578,A,T,,,,,,0.0,0.031023,
38038,swine,20464,PB1,1370,A,G,,,,,,0.0,0.040046,
38043,swine,20464,PB1,1875,C,T,,,,,,0.047142,0.0,
38047,swine,20464,PB1,2093,A,C,,,,,,0.036199,0.0,
38055,swine,20464,PB2,1489,A,G,,,,,,0.050844,0.0,
38064,swine,20467,MP,390,C,T,,,,,0.0,,0.126339,
38128,swine,20467,PB1,2100,C,T,,,,,0.0,,0.076357,
38130,swine,20467,PB2,339,G,T,,,,,0.0,,0.042587,
38171,swine,20510,HA,537,G,A,,,,,,0.39329,0.373999,
38177,swine,20510,HA,1141,G,A,,,,,,0.0,0.044319,
38178,swine,20510,HA,1169,T,C,,,,,,0.0,0.039712,
38196,swine,20510,MP,597,A,G,,,,,,0.054662,0.0,
38201,swine,20510,NA,736,T,G,,,,,,0.422175,0.598542,
38212,swine,20510,NP,282,A,G,,,,,,0.347842,0.497182,
38223,swine,20510,NP,1372,T,C,,,,,,0.059676,0.0,
38247,swine,20510,PB1,977,C,T,,,,,,0.046294,0.0,
38250,swine,20510,PB1,1270,C,T,,,,,,0.159158,0.0,
38253,swine,20510,PB1,1370,A,G,,,,,,0.03745,0.041809,
38292,swine,20513,HA,1009,C,T,,,,,,0.0,,0.125032
38294,swine,20513,HA,1427,G,A,,,,,,0.0,,0.996663
38296,swine,20513,MP,451,T,C,,,,,,0.051028,,0.0
38298,swine,20513,MP,711,A,G,,,,,,0.0,,0.0657
38303,swine,20513,NA,736,G,T,,,,,,0.229167,,0.996256
38304,swine,20513,NA,861,C,A,,,,,,0.0,,0.110905
38305,swine,20513,NA,976,C,A,,,,,,0.0,,0.091995
38307,swine,20513,NP,552,A,G,,,,,,0.131559,,0.0
38309,swine,20513,NP,804,A,G,,,,,,0.0,,0.15552
38310,swine,20513,NP,987,A,G,,,,,,0.032976,,0.0
38311,swine,20513,NP,1168,A,G,,,,,,0.519636,,0.0
38317,swine,20513,NS,527,A,T,,,,,,0.0,,0.055915
38319,swine,20513,NS,730,A,G,,,,,,0.124025,,0.0
38322,swine,20513,PA,666,C,A,,,,,,0.0,,0.167765
38325,swine,20513,PA,846,C,T,,,,,,0.281845,,0.0
38327,swine,20513,PA,1469,G,A,,,,,,0.033399,,0.0
38330,swine,20513,PB1,168,G,A,,,,,,0.074074,,0.0
38331,swine,20513,PB1,510,A,G,,,,,,0.0,,0.030595
38333,swine,20513,PB1,804,A,G,,,,,,0.0,,0.049115
38334,swine,20513,PB1,886,A,T,,,,,,0.0,,0.197022
38338,swine,20513,PB1,1376,T,G,,,,,,0.388889,,0.0
38342,swine,20513,PB1,2050,G,A,,,,,,0.0,,0.090061
38344,swine,20513,PB2,304,A,G,,,,,,0.0,,0.100851
38345,swine,20513,PB2,458,A,G,,,,,,0.0,,0.197012
38350,swine,20513,PB2,1932,G,A,,,,,,0.078961,,0.0
38352,swine,20513,PB2,2101,G,T,,,,,,0.0,,0.081181
38354,swine,20578,HA,256,C,A,,,,0.0,,,,0.049998
38390,swine,20578,NA,736,T,G,,,,0.0,,,,0.286579
38441,swine,20578,PB1,570,A,G,,,,0.0,,,,0.170199
38454,swine,20578,PB1,1370,A,G,,,,0.047245,,,,0.062103
38476,swine,20578,PB2,1188,A,G,,,,0.0,,,,0.276139
38487,swine,20579,HA,52,A,C,,,,0.0,0.50599,0.0,0.0,0.0
38496,swine,20579,HA,365,T,C,,,,0.0,0.05049,0.243651,0.749678,0.032392
38536,swine,20579,MP,215,G,A,,,,0.0,0.0,0.0,0.032395,0.0
38554,swine,20579,MP,841,T,C,,,,0.0,0.0,0.0,0.0,0.033867
38566,swine,20579,NA,736,T,G,,,,0.0,0.0,0.0,0.030583,0.0
38696,swine,20579,PA,2106,T,C,,,,0.0,0.0,0.078513,0.0,0.0
38738,swine,20579,PB1,1370,A,G,,,,0.050479,0.071581,0.055547,0.065765,0.06353
38766,swine,20579,PB2,372,G,A,,,,0.0,0.0,0.0,0.057222,0.242314
38811,swine,20581,HA,410,C,A,,,,,0.040273,,,0.0
38813,swine,20581,HA,531,T,C,,,,,0.042724,,,0.0
38827,swine,20581,MP,153,C,A,,,,,0.0,,,0.04001
38867,swine,20581,PA,266,C,T,,,,,0.032858,,,0.0
38874,swine,20581,PA,788,C,A,,,,,0.0,,,0.23688
38887,swine,20581,PA,1950,C,T,,,,,0.0,,,0.030129
38892,swine,20581,PB1,883,G,A,,,,,0.037269,,,0.0
38894,swine,20581,PB1,1182,C,T,,,,,0.0,,,0.098369
38896,swine,20581,PB1,1370,A,G,,,,,0.086698,,,0.057311
38944,swine,20592,NA,236,C,A,,,,,0.03252,,0.0,
38949,swine,20592,NA,421,A,G,,,,,0.0,,0.100787,
38953,swine,20592,NA,699,T,C,,,,,0.0,,0.04317,
39036,swine,20592,PA,1235,A,G,,,,,0.049481,,0.0,
39063,swine,20592,PA,1815,A,G,,,,,0.045594,,0.0,
39064,swine,20592,PA,1818,C,T,,,,,0.079695,,0.030366,
39068,swine,20592,PB1,433,A,G,,,,,0.032985,,0.0,
39074,swine,20592,PB1,1128,T,A,,,,,0.220953,,0.0,
39077,swine,20592,PB1,1370,A,G,,,,,0.149561,,0.038014,
39078,swine,20592,PB1,1376,T,G,,,,,0.03109,,0.0,
39096,swine,20592,PB2,887,A,G,,,,,0.054824,,0.0,
39098,swine,20592,PB2,930,A,G,,,,,0.05128,,0.0,
39105,swine,20592,PB2,1675,A,G,,,,,0.04932,,0.0,
39108,swine,20592,PB2,1980,A,G,,,,,0.047411,,0.0,
39111,swine,20601,HA,115,G,A,,,,,,,0.129927,0.0
39112,swine,20601,HA,365,C,T,,,,,,,0.0,0.03127
39113,swine,20601,HA,435,G,A,,,,,,,0.140262,0.245257
39115,swine,20601,HA,840,A,G,,,,,,,0.041226,0.0
39117,swine,20601,MP,249,C,T,,,,,,,0.065775,0.0
39118,swine,20601,MP,348,A,G,,,,,,,0.070734,0.0
39120,swine,20601,NA,161,A,G,,,,,,,0.030725,0.0
39121,swine,20601,NA,501,T,C,,,,,,,0.0,0.034802
39125,swine,20601,NA,1395,T,C,,,,,,,0.139669,0.247132
39136,swine,20601,NS,540,C,T,,,,,,,0.0,0.082922
39144,swine,20601,PB1,184,G,T,,,,,,,0.082194,0.0
39145,swine,20601,PB1,357,G,T,,,,,,,0.034398,0.0
39149,swine,20601,PB1,753,C,T,,,,,,,0.0,0.034874
39152,swine,20601,PB1,1370,A,G,,,,,,,0.0,0.076981
39155,swine,20601,PB1,1521,G,T,,,,,,,0.080226,0.0
39158,swine,20601,PB2,177,A,G,,,,,,,0.0,0.038374
39159,swine,20601,PB2,336,T,C,,,,,,,0.069731,0.0
39160,swine,20601,PB2,366,C,T,,,,,,,0.074026,0.0
39161,swine,20601,PB2,390,C,T,,,,,,,0.0,0.211271
39172,swine,20601,PB2,2171,T,C,,,,,,,0.042659,0.0
39196,swine,20606,MP,763,T,A,,,,,0.0,,0.141174,
39207,swine,20606,NA,736,G,T,,,,,0.036054,,0.0,
39213,swine,20606,NP,92,G,A,,,,,0.443186,,0.0,
39251,swine,20606,PB1,1370,A,G,,,,,0.12448,,0.044021,
39257,swine,20606,PB1,1719,A,T,,,,,0.0,,0.030933,
39278,swine,20607,HA,1188,A,G,,,,,,0.069819,0.0,
39285,swine,20607,NA,187,A,C,,,,,,0.071133,0.0,
39288,swine,20607,NA,534,G,A,,,,,,0.053132,0.0,
39289,swine,20607,NA,644,T,C,,,,,,0.03327,0.0,
39290,swine,20607,NA,768,C,T,,,,,,0.065017,0.0,
39294,swine,20607,NA,949,G,A,,,,,,0.056697,0.0,
39298,swine,20607,NA,1098,C,T,,,,,,0.050079,0.0,
39318,swine,20607,NP,766,C,T,,,,,,0.080461,0.0,
39328,swine,20607,NP,1023,A,G,,,,,,0.0,0.03203,
39334,swine,20607,PA,189,A,G,,,,,,0.0,0.04751,
39335,swine,20607,PA,287,A,G,,,,,,0.032062,0.0,
39336,swine,20607,PA,289,A,G,,,,,,0.082968,0.0,
39337,swine,20607,PA,387,A,G,,,,,,0.030556,0.0,
39341,swine,20607,PA,1100,A,G,,,,,,0.246085,0.0,
39350,swine,20607,PB1,1370,A,G,,,,,,0.090514,0.0,
39357,swine,20607,PB2,1247,G,A,,,,,,0.095088,0.0,
39359,swine,20607,PB2,1372,A,G,,,,,,0.07559,0.0,
39360,swine,20607,PB2,1410,C,T,,,,,,0.094938,0.0,
39366,swine,20607,PB2,2129,T,C,,,,,,0.041079,0.0,
39393,swine,20609,NA,407,A,C,,,,0.0,,,0.062941,
39409,swine,20609,NS,676,A,G,,,,0.0,,,0.031934,
39411,swine,20609,PA,562,T,C,,,,0.0,,,0.051769,
39414,swine,20609,PB1,135,A,G,,,,0.0,,,0.083557,
39415,swine,20609,PB1,151,G,A,,,,0.0,,,0.074554,
39418,swine,20609,PB1,812,T,C,,,,0.0,,,0.030408,
39419,swine,20609,PB1,1138,T,C,,,,0.0,,,0.39044,
39420,swine,20609,PB1,1151,C,A,,,,0.0,,,0.084121,
39421,swine,20609,PB1,1370,A,G,,,,0.060262,,,0.0,
39429,swine,20609,PB2,197,T,C,,,,0.0,,,0.048893,
39430,swine,20609,PB2,582,G,C,,,,0.0,,,0.235686,
39434,swine,20609,PB2,1224,T,C,,,,0.0,,,0.228482,
39484,swine,20610,NP,918,A,G,,,,,,0.083721,0.0,
39488,swine,20610,NS,185,G,A,,,,,,0.0,0.303355,
39496,swine,20610,PA,401,A,G,,,,,,0.0,0.040539,
39500,swine,20610,PA,791,C,A,,,,,,0.0,0.042154,
39502,swine,20610,PA,927,G,A,,,,,,0.0,0.045861,
39506,swine,20610,PA,1007,T,C,,,,,,0.0,0.039923,
39507,swine,20610,PA,1203,A,G,,,,,,0.0,0.047303,
39508,swine,20610,PA,1233,C,A,,,,,,0.0,0.043891,
39512,swine,20610,PA,1528,C,A,,,,,,0.0,0.03567,
39527,swine,20610,PB1,1370,A,G,,,,,,0.090175,0.045852,
39542,swine,20627,HA,256,C,A,,,,,0.488891,0.449795,,
39600,swine,20627,NA,736,G,T,,,,,0.043651,0.032985,,
39631,swine,20627,NP,882,A,C,,,,,0.038045,0.0,,
39678,swine,20627,PA,1753,C,T,,,,,0.0,0.1664,,
39693,swine,20627,PB1,891,G,A,,,,,0.0,0.03389,,
39705,swine,20627,PB1,1370,A,G,,,,,0.144103,0.150895,,
39706,swine,20627,PB1,1376,T,G,,,,,0.0,0.030705,,
39718,swine,20627,PB1,2062,A,G,,,,,0.0,0.037056,,
39719,swine,20627,PB2,149,T,A,,,,,0.036303,0.119146,,
39741,swine,20627,PB2,1473,G,A,,,,,0.043073,0.0,,
39750,swine,20630,HA,209,G,A,,,,,0.164441,0.0,,
39767,swine,20630,HA,1338,C,A,,,,,0.131854,0.0,,
39769,swine,20630,HA,1533,G,A,,,,,0.0,0.738939,,
39785,swine,20630,NA,626,G,A,,,,,0.078028,0.0,,
39792,swine,20630,NA,825,C,A,,,,,0.089189,0.0,,
39797,swine,20630,NA,1233,C,T,,,,,0.048076,0.0,,
39798,swine,20630,NP,117,T,C,,,,,0.177764,0.0,,
39799,swine,20630,NP,159,G,T,,,,,0.215936,0.0,,
39800,swine,20630,NP,177,C,T,,,,,0.20767,0.0,,
39803,swine,20630,NP,264,T,C,,,,,0.209291,0.0,,
39805,swine,20630,NP,298,A,G,,,,,0.206038,0.0,,
39806,swine,20630,NP,300,G,A,,,,,0.206777,0.0,,
39807,swine,20630,NP,309,A,G,,,,,0.189462,0.0,,
39808,swine,20630,NP,326,C,T,,,,,0.200072,0.0,,
39809,swine,20630,NP,378,A,C,,,,,0.21217,0.0,,
39812,swine,20630,NP,408,A,C,,,,,0.223439,0.0,,
39813,swine,20630,NP,459,T,G,,,,,0.209105,0.0,,
39814,swine,20630,NP,462,C,T,,,,,0.208963,0.0,,
39816,swine,20630,NP,492,T,C,,,,,0.164066,0.0,,
39817,swine,20630,NP,516,C,T,,,,,0.153803,0.0,,
39818,swine,20630,NP,543,G,T,,,,,0.15474,0.0,,
39822,swine,20630,NP,690,C,T,,,,,0.157682,0.0,,
39823,swine,20630,NP,702,A,C,,,,,0.145754,0.0,,
39824,swine,20630,NP,708,A,G,,,,,0.157905,0.0,,
39826,swine,20630,NP,852,G,A,,,,,0.144696,0.0,,
39827,swine,20630,NP,875,A,G,,,,,0.037365,0.0,,
39829,swine,20630,NP,987,A,G,,,,,0.151459,0.0,,
39830,swine,20630,NP,1080,G,A,,,,,0.166441,0.0,,
39831,swine,20630,NP,1090,C,A,,,,,0.03542,0.0,,
39832,swine,20630,NP,1118,C,T,,,,,0.16087,0.0,,
39833,swine,20630,NP,1143,A,G,,,,,0.152411,0.0,,
39835,swine,20630,NP,1170,T,C,,,,,0.157764,0.0,,
39836,swine,20630,NP,1199,G,A,,,,,0.15322,0.0,,
39837,swine,20630,NP,1200,A,G,,,,,0.154752,0.0,,
39838,swine,20630,NP,1242,A,G,,,,,0.148331,0.0,,
39839,swine,20630,NP,1248,A,G,,,,,0.146974,0.0,,
39840,swine,20630,NP,1290,T,C,,,,,0.15342,0.0,,
39841,swine,20630,NP,1401,A,G,,,,,0.162652,0.0,,
39842,swine,20630,NP,1482,A,G,,,,,0.191262,0.0,,
39865,swine,20630,NS,420,A,G,,,,,0.032949,0.0,,
39887,swine,20630,PA,646,G,A,,,,,0.080813,0.0,,
39897,swine,20630,PA,873,T,C,,,,,0.088182,0.0,,
39905,swine,20630,PA,1055,A,G,,,,,0.154211,0.0,,
39936,swine,20630,PB1,242,G,A,,,,,0.084591,0.0,,
39938,swine,20630,PB1,339,C,T,,,,,0.0,0.074371,,
39939,swine,20630,PB1,420,A,G,,,,,0.0,0.521781,,
39948,swine,20630,PB1,1370,A,G,,,,,0.039294,0.079683,,
39951,swine,20630,PB1,1501,T,C,,,,,0.05685,0.0,,
39954,swine,20630,PB1,1696,A,G,,,,,0.041812,0.0,,
39964,swine,20630,PB2,888,C,T,,,,,0.1435,0.0,,
39965,swine,20630,PB2,930,A,G,,,,,0.090338,0.0,,
39967,swine,20630,PB2,1188,G,A,,,,,0.0,0.035325,,
39969,swine,20630,PB2,1337,T,C,,,,,0.144307,0.0,,
39971,swine,20630,PB2,1571,C,T,,,,,0.048851,0.0,,
39976,swine,20630,PB2,2113,G,C,,,,,0.033428,0.0,,
39977,swine,20644,HA,256,C,A,,,0.057543,,,,0.0,
39986,swine,20644,HA,918,C,A,,,0.0,,,,0.042158,
40002,swine,20644,NA,736,G,T,,,0.422078,,,,0.0,
40008,swine,20644,NP,174,G,A,,,0.0,,,,0.048055,
40018,swine,20644,PA,239,A,G,,,0.0,,,,0.083299,
40020,swine,20644,PA,512,T,C,,,0.0,,,,0.06806,
40023,swine,20644,PA,656,T,C,,,0.0,,,,0.036647,
40028,swine,20644,PA,1369,G,A,,,0.0,,,,0.032714,
40031,swine,20644,PA,2071,G,A,,,0.0,,,,0.040924,
40039,swine,20644,PB1,1370,A,G,,,0.132031,,,,0.085986,
40041,swine,20644,PB1,1377,C,A,,,0.0,,,,0.032533,
40044,swine,20644,PB1,1694,A,G,,,0.0,,,,0.082421,
40046,swine,20644,PB1,1770,A,G,,,0.0,,,,0.08575,
40048,swine,20644,PB1,1962,C,T,,,0.0,,,,0.065024,
40050,swine,20644,PB2,153,G,A,,,0.0,,,,0.035497,
40051,swine,20644,PB2,267,G,T,,,0.0,,,,0.052428,
40060,swine,20644,PB2,1188,G,A,,,0.3926,,,,0.03803,
40066,swine,20644,PB2,1725,G,A,,,0.0,,,,0.045282,
40068,swine,20694,HA,686,T,C,,,,,,0.0,0.034127,
40077,swine,20694,HA,1227,T,A,,,,,,0.0,0.030866,
40084,swine,20694,NA,179,G,A,,,,,,0.0,0.043037,
40089,swine,20694,NA,736,T,G,,,,,,0.067981,0.066812,
40102,swine,20694,NP,657,T,C,,,,,,0.0,0.039067,
40123,swine,20694,PA,1850,A,G,,,,,,0.0,0.041557,
40133,swine,20694,PB1,1370,A,G,,,,,,0.125153,0.077627,
40146,swine,20694,PB1,2182,A,G,,,,,,0.205721,0.235662,
40155,swine,20694,PB2,1188,A,G,,,,,,0.273602,0.066724,
40163,swine,37104,HA,231,A,G,,,,,,0.0,,0.037604
40173,swine,37104,HA,1533,A,G,,,,,,0.0,,0.09783
40175,swine,37104,NA,736,T,G,,,,,,0.0,,0.115856
40193,swine,37104,PB1,1370,A,G,,,,,,0.106919,,0.085593
40201,swine,37104,PB2,1188,A,G,,,,,,0.0,,0.118906
40203,swine,37104,PB2,1380,A,G,,,,,,0.0,,0.550973
40205,swine,37104,PB2,1747,C,A,,,,,,0.0,,0.081168
40215,swine,37113,HA,896,C,T,,,,,,,0.0,0.033715
40229,swine,37113,HA,1400,C,T,,,,,,,0.038096,0.101389
40232,swine,37113,HA,1533,A,G,,,,,,,0.391464,0.112084
40234,swine,37113,MP,313,A,G,,,,,,,0.0,0.068802
40235,swine,37113,MP,340,G,C,,,,,,,0.0,0.067242
40239,swine,37113,MP,585,G,A,,,,,,,0.0,0.034026
40243,swine,37113,NA,736,G,T,,,,,,,0.0,0.105652
40245,swine,37113,NA,933,C,T,,,,,,,0.0,0.049234
40266,swine,37113,NS,550,G,A,,,,,,,0.0,0.052019
40285,swine,37113,PB1,1370,A,G,,,,,,,0.081178,0.0
40293,swine,37113,PB1,1809,T,C,,,,,,,0.0,0.035806
40294,swine,37113,PB2,144,G,A,,,,,,,0.0,0.050684
40295,swine,37113,PB2,168,A,G,,,,,,,0.0,0.033493
40305,swine,37113,PB2,648,G,A,,,,,,,0.0,0.045531
40316,swine,37113,PB2,1188,G,A,,,,,,,0.038715,0.0
40320,swine,37113,PB2,1350,A,G,,,,,,,0.41358,0.288451
40334,swine,37113,PB2,2002,C,T,,,,,,,0.0,0.063593
40335,swine,37113,PB2,2082,C,T,,,,,,,0.0,0.066121
40336,swine,37113,PB2,2085,C,A,,,,,,,0.0,0.069408
40337,swine,37113,PB2,2089,T,C,,,,,,,0.0,0.074783
40338,swine,37113,PB2,2091,G,A,,,,,,,0.0,0.077284
40339,swine,37113,PB2,2106,G,A,,,,,,,0.0,0.094878
40340,swine,37113,PB2,2115,C,A,,,,,,,0.0,0.119746
40341,swine,37113,PB2,2124,A,G,,,,,,,0.0,0.138167
40342,swine,37113,PB2,2137,C,T,,,,,,,0.0,0.166947
40343,swine,37113,PB2,2151,A,G,,,,,,,0.0,0.176746
40344,swine,37113,PB2,2157,A,G,,,,,,,0.0,0.185204
40345,swine,37113,PB2,2173,C,T,,,,,,,0.0,0.202063
40346,swine,37113,PB2,2175,A,G,,,,,,,0.0,0.203356
40347,swine,37113,PB2,2178,T,A,,,,,,,0.0,0.206752
40348,swine,37113,PB2,2193,G,A,,,,,,,0.0,0.22584
40349,swine,37113,PB2,2259,G,A,,,,,,,0.0,0.21551
40355,swine,37122,HA,1020,A,G,,,,,,,0.066175,0.0
40369,swine,37122,MP,383,T,C,,,,,,,0.056836,0.0
40375,swine,37122,MP,599,C,T,,,,,,,0.057828,0.0
40382,swine,37122,NA,240,A,G,,,,,,,0.102966,0.0
40389,swine,37122,NA,736,G,T,,,,,,,0.279363,0.809826
40391,swine,37122,NA,834,C,T,,,,,,,0.103356,0.0
40404,swine,37122,NP,314,T,C,,,,,,,0.341082,0.441837
40417,swine,37122,NS,156,C,T,,,,,,,0.041695,0.0
40427,swine,37122,NS,682,A,G,,,,,,,0.087319,0.483835
40438,swine,37122,PA,1652,T,G,,,,,,,0.336553,0.865741
40445,swine,37122,PB1,321,C,T,,,,,,,0.140766,0.150504
40457,swine,37122,PB1,1370,A,G,,,,,,,0.0,0.095662
40465,swine,37122,PB1,1848,G,C,,,,,,,0.055107,0.0
40469,swine,37122,PB1,2168,G,A,,,,,,,0.047574,0.0
40478,swine,37122,PB2,786,C,A,,,,,,,0.107765,0.0
40483,swine,37122,PB2,1134,C,T,,,,,,,0.0,0.03141
40517,swine,37132,HA,1543,C,A,,,,,0.0,,,0.037242
40607,swine,37132,PA,806,G,A,,,,,0.041196,,,0.0
40631,swine,37132,PB1,290,A,G,,,,,0.0,,,0.039805
40647,swine,37132,PB1,1370,A,G,,,,,0.066609,,,0.047354
40695,swine,37133,HA,256,A,C,,,,,,,0.29297,0.997344
40696,swine,37133,HA,364,G,A,,,,,,,0.031578,0.0
40705,swine,37133,HA,1340,T,C,,,,,,,0.0,0.048936
40722,swine,37133,NA,736,G,T,,,,,,,0.429513,0.519125
40728,swine,37133,NP,126,A,G,,,,,,,0.0,0.30303
40730,swine,37133,NP,174,G,A,,,,,,,0.0,0.380952
40731,swine,37133,NP,177,C,T,,,,,,,0.0,0.348837
40732,swine,37133,NP,187,A,G,,,,,,,0.0,0.263158
40733,swine,37133,NP,204,T,C,,,,,,,0.0,0.368421
40734,swine,37133,NP,213,T,C,,,,,,,0.0,0.421053
40735,swine,37133,NP,231,A,G,,,,,,,0.0,0.384615
40736,swine,37133,NP,235,C,T,,,,,,,0.0,0.346939
40737,swine,37133,NP,276,A,T,,,,,,,0.0,0.254902
40738,swine,37133,NP,298,A,G,,,,,,,0.0,0.2
40739,swine,37133,NP,300,G,A,,,,,,,0.0,0.2
40740,swine,37133,NP,309,A,G,,,,,,,0.0,0.188679
40741,swine,37133,NP,326,C,T,,,,,,,0.0,0.18
40742,swine,37133,NP,327,C,T,,,,,,,0.0,0.1875
40743,swine,37133,NP,378,A,T,,,,,,,0.0,0.190476
40745,swine,37133,NP,393,A,T,,,,,,,0.0,0.193548
40746,swine,37133,NP,408,A,C,,,,,,,0.0,0.2
40747,swine,37133,NP,426,C,T,,,,,,,0.0,0.222222
40748,swine,37133,NP,462,C,T,,,,,,,0.0,0.25
40749,swine,37133,NP,471,C,T,,,,,,,0.0,0.27027
40750,swine,37133,NP,492,T,C,,,,,,,0.0,0.3
40751,swine,37133,NP,531,T,G,,,,,,,0.0,0.259259
40752,swine,37133,NP,543,G,T,,,,,,,0.0,0.288462
40753,swine,37133,NP,546,G,A,,,,,,,0.0,0.283019
40754,swine,37133,NP,549,G,A,,,,,,,0.0,0.269231
40755,swine,37133,NP,576,G,A,,,,,,,0.0,0.243902
40756,swine,37133,NP,577,T,C,,,,,,,0.0,0.25
40757,swine,37133,NP,600,A,G,,,,,,,0.0,0.175
40758,swine,37133,NP,615,T,C,,,,,,,0.0,0.175
40761,swine,37133,NP,822,C,T,,,,,,,0.0,0.181818
40762,swine,37133,NP,1047,A,G,,,,,,,0.0,0.228571
40763,swine,37133,NP,1057,A,C,,,,,,,0.0,0.275862
40764,swine,37133,NP,1080,G,A,,,,,,,0.0,0.272727
40765,swine,37133,NP,1089,C,A,,,,,,,0.033886,0.0
40766,swine,37133,NP,1096,G,C,,,,,,,0.031437,0.0
40767,swine,37133,NP,1117,A,G,,,,,,,0.0,0.333333
40768,swine,37133,NP,1125,C,T,,,,,,,0.0,0.3125
40769,swine,37133,NP,1338,A,G,,,,,,,0.0,0.266667
40770,swine,37133,NP,1401,A,G,,,,,,,0.0,0.277778
40771,swine,37133,NP,1418,A,T,,,,,,,0.0,0.277778
40772,swine,37133,NP,1449,T,C,,,,,,,0.0,0.294118
40773,swine,37133,NP,1455,G,A,,,,,,,0.0,0.333333
40781,swine,37133,PA,304,A,G,,,,,,,0.039782,0.0
40782,swine,37133,PA,350,T,C,,,,,,,0.042717,0.0
40811,swine,37133,PA,1633,A,C,,,,,,,0.0,0.705816
40817,swine,37133,PB1,748,G,A,,,,,,,0.054797,0.0
40818,swine,37133,PB1,928,A,G,,,,,,,0.043972,0.0
40819,swine,37133,PB1,1370,A,G,,,,,,,0.104146,0.0
40822,swine,37133,PB1,1428,C,T,,,,,,,0.0,0.102075
40826,swine,37133,PB2,156,A,G,,,,,,,0.0,0.310345
40827,swine,37133,PB2,165,T,C,,,,,,,0.0,0.3125
40828,swine,37133,PB2,183,A,G,,,,,,,0.0,0.30303
40829,swine,37133,PB2,227,C,T,,,,,,,0.0,0.1875
40830,swine,37133,PB2,245,C,A,,,,,,,0.0,0.193548
40831,swine,37133,PB2,385,A,G,,,,,,,0.038696,0.0
40832,swine,37133,PB2,396,C,T,,,,,,,0.0,0.166667
40833,swine,37133,PB2,399,T,C,,,,,,,0.0,0.171429
40834,swine,37133,PB2,447,C,T,,,,,,,0.0,0.176471
40835,swine,37133,PB2,450,T,A,,,,,,,0.0,0.176471
40836,swine,37133,PB2,471,G,A,,,,,,,0.0,0.194444
40837,swine,37133,PB2,510,C,T,,,,,,,0.0,0.138889
40838,swine,37133,PB2,513,A,G,,,,,,,0.0,0.147059
40839,swine,37133,PB2,633,G,A,,,,,,,0.0,0.093023
40840,swine,37133,PB2,636,T,C,,,,,,,0.0,0.162791
40841,swine,37133,PB2,654,T,C,,,,,,,0.0,0.136364
40842,swine,37133,PB2,673,A,G,,,,,,,0.0,0.133333
40843,swine,37133,PB2,696,A,G,,,,,,,0.0,0.2
40844,swine,37133,PB2,699,C,T,,,,,,,0.0,0.119048
40845,swine,37133,PB2,723,A,G,,,,,,,0.0,0.324324
40846,swine,37133,PB2,753,A,G,,,,,,,0.0,0.333333
40847,swine,37133,PB2,786,C,T,,,,,,,0.0,0.405405
40848,swine,37133,PB2,792,A,G,,,,,,,0.0,0.410256
40850,swine,37133,PB2,837,T,C,,,,,,,0.0,0.3125
40851,swine,37133,PB2,864,A,G,,,,,,,0.0,0.310345
40852,swine,37133,PB2,873,A,G,,,,,,,0.0,0.225806
40853,swine,37133,PB2,876,T,A,,,,,,,0.0,0.225806
40854,swine,37133,PB2,891,C,T,,,,,,,0.0,0.193548
40855,swine,37133,PB2,896,A,G,,,,,,,0.0,0.1875
40856,swine,37133,PB2,903,C,T,,,,,,,0.0,0.166667
40857,swine,37133,PB2,924,G,A,,,,,,,0.0,0.166667
40858,swine,37133,PB2,963,C,A,,,,,,,0.0,0.103448
40859,swine,37133,PB2,1017,G,A,,,,,,,0.0,0.172414
40860,swine,37133,PB2,1090,G,A,,,,,,,0.0,0.238095
40861,swine,37133,PB2,1176,A,G,,,,,,,0.0,0.148148
40862,swine,37133,PB2,1188,G,A,,,,,,,0.404749,0.0
40863,swine,37133,PB2,1281,G,A,,,,,,,0.0,0.269231
40865,swine,37133,PB2,1302,C,A,,,,,,,0.0,0.241379
40866,swine,37133,PB2,1344,C,T,,,,,,,0.0,0.243243
40867,swine,37133,PB2,1350,G,A,,,,,,,0.0,0.277778
40868,swine,37133,PB2,1351,A,G,,,,,,,0.0,0.25
40869,swine,37133,PB2,1365,C,T,,,,,,,0.0,0.194444
40870,swine,37133,PB2,1371,A,G,,,,,,,0.0,0.2
40871,swine,37133,PB2,1386,A,G,,,,,,,0.0,0.142857
40872,swine,37133,PB2,1407,A,T,,,,,,,0.0,0.225806
40873,swine,37133,PB2,1410,C,T,,,,,,,0.0,0.21875
40874,swine,37133,PB2,1533,G,A,,,,,,,0.0,0.171429
40875,swine,37133,PB2,1534,C,T,,,,,,,0.0,0.171429
40876,swine,37133,PB2,1536,A,G,,,,,,,0.0,0.2
40877,swine,37133,PB2,1542,C,T,,,,,,,0.0,0.205882
40878,swine,37133,PB2,1545,T,A,,,,,,,0.0,0.25
40879,swine,37133,PB2,1566,G,A,,,,,,,0.0,0.205882
40880,swine,37133,PB2,1584,C,A,,,,,,,0.0,0.352941
40881,swine,37133,PB2,1641,C,A,,,,,,,0.0,0.323529
40882,swine,37133,PB2,1647,C,T,,,,,,,0.0,0.314286
40883,swine,37133,PB2,1668,T,C,,,,,,,0.0,0.30303
40884,swine,37133,PB2,1677,C,T,,,,,,,0.0,0.30303
40885,swine,37133,PB2,1678,T,C,,,,,,,0.0,0.30303
40886,swine,37133,PB2,1698,G,A,,,,,,,0.0,0.212121
40887,swine,37133,PB2,1707,G,T,,,,,,,0.0,0.228571
40888,swine,37133,PB2,1721,A,G,,,,,,,0.0,0.1875
40889,swine,37133,PB2,1767,A,G,,,,,,,0.0,0.21875
40890,swine,37133,PB2,1833,T,C,,,,,,,0.0,0.28
40891,swine,37133,PB2,1838,T,C,,,,,,,0.0,0.32
40892,swine,37133,PB2,1899,C,T,,,,,,,0.0,0.181818
40893,swine,37133,PB2,1905,A,T,,,,,,,0.0,0.25
40894,swine,37133,PB2,1920,A,G,,,,,,,0.0,0.222222
40895,swine,37133,PB2,1933,C,T,,,,,,,0.0,0.235294
40897,swine,37133,PB2,2022,A,G,,,,,,,0.0,0.181818
40898,swine,37133,PB2,2046,C,A,,,,,,,0.0,0.263158
40899,swine,37133,PB2,2052,T,A,,,,,,,0.0,0.238095
40900,swine,37133,PB2,2070,C,T,,,,,,,0.0,0.272727
40901,swine,37133,PB2,2092,G,A,,,,,,,0.0,0.222222
40902,swine,37133,PB2,2100,A,G,,,,,,,0.0,0.214286
40903,swine,37133,PB2,2137,C,T,,,,,,,0.0,0.233333
40904,swine,37133,PB2,2215,C,A,,,,,,,0.0,0.192308
40905,swine,37135,HA,214,C,T,,,,,,,0.072195,0.0
40906,swine,37135,HA,366,C,T,,,,,,,0.1594,0.0
40930,swine,37135,NA,539,G,C,,,,,,,0.030236,0.0
40947,swine,37135,NP,306,A,G,,,,,,,0.030438,0.0
40949,swine,37135,NP,322,C,A,,,,,,,0.034115,0.0
41039,swine,37135,NP,1451,A,G,,,,,,,0.03651,0.0
41059,swine,37135,PA,1373,A,G,,,,,,,0.050996,0.0
41063,swine,37135,PA,2111,C,T,,,,,,,0.048125,0.0
41067,swine,37135,PB1,774,A,G,,,,,,,0.048191,0.0
41069,swine,37135,PB1,1370,A,G,,,,,,,0.043532,0.11407
41079,swine,37135,PB2,799,G,A,,,,,,,0.036306,0.0
41081,swine,37135,PB2,930,A,G,,,,,,,0.031363,0.0
41084,swine,37135,PB2,1341,G,C,,,,,,,0.073436,0.0
41091,swine,37139,HA,102,C,T,,,,,,0.294031,0.0,
41094,swine,37139,HA,368,C,T,,,,,,0.203188,0.0,
41110,swine,37139,HA,1650,C,A,,,,,,0.0,0.32089,
41112,swine,37139,MP,342,G,A,,,,,,0.038714,0.0,
41116,swine,37139,NA,372,C,T,,,,,,0.034072,0.0,
41118,swine,37139,NA,625,G,A,,,,,,0.035829,0.0,
41121,swine,37139,NA,736,T,G,,,,,,0.0,0.753857,
41128,swine,37139,NA,1318,T,C,,,,,,0.033949,0.0,
41131,swine,37139,NP,261,G,A,,,,,,0.030112,0.0,
41139,swine,37139,NP,1272,C,T,,,,,,0.060122,0.0,
41142,swine,37139,NS,779,T,C,,,,,,0.031258,0.0,
41143,swine,37139,PA,266,C,A,,,,,,0.03454,0.0,
41148,swine,37139,PA,871,A,G,,,,,,0.03151,0.0,
41149,swine,37139,PA,935,A,G,,,,,,0.0,0.193142,
41158,swine,37139,PA,1728,A,G,,,,,,0.066782,0.0,
41159,swine,37139,PA,1935,A,G,,,,,,0.08481,0.0,
41170,swine,37139,PB1,1370,A,G,,,,,,0.0,0.035123,
41172,swine,37139,PB1,1604,T,A,,,,,,0.057119,0.0,
41177,swine,37139,PB2,833,C,T,,,,,,0.038342,0.0,
41180,swine,37139,PB2,1188,A,G,,,,,,0.0,0.783652,
41186,swine,37141,HA,1027,C,T,,,,,,0.132822,,0.0
41190,swine,37141,HA,1264,A,G,,,,,,0.097681,,0.0
41224,swine,37141,PA,673,A,C,,,,,,0.030706,,0.0
41225,swine,37141,PA,788,C,A,,,,,,0.039769,,0.0
41227,swine,37141,PA,886,A,G,,,,,,0.0,,0.061419
41228,swine,37141,PA,1019,A,C,,,,,,0.030275,,0.0
41229,swine,37141,PA,1392,C,A,,,,,,0.036007,,0.0
41231,swine,37141,PA,1950,C,T,,,,,,0.036641,,0.0
41239,swine,37141,PB1,1370,A,G,,,,,,0.045619,,0.070771
41244,swine,37141,PB1,1984,A,G,,,,,,0.041377,,0.0
41255,swine,37141,PB2,1380,A,G,,,,,,0.364315,,0.998183
41271,swine,37157,HA,766,A,G,,,,,,0.0,,0.0665
41278,swine,37157,HA,1185,G,A,,,,,,0.067227,,0.0
41279,swine,37157,HA,1286,A,G,,,,,,0.0,,0.04133
41283,swine,37157,MP,192,C,T,,,,,,0.0,,0.039411
41284,swine,37157,MP,279,A,G,,,,,,0.254832,,0.473703
41293,swine,37157,MP,931,G,A,,,,,,0.0,,0.122569
41294,swine,37157,NA,226,A,G,,,,,,0.0,,0.033005
41297,swine,37157,NA,400,C,T,,,,,,0.065045,,0.0
41300,swine,37157,NA,548,C,A,,,,,,0.13847,,0.0
41308,swine,37157,NA,1294,A,G,,,,,,0.0,,0.101784
41309,swine,37157,NP,187,A,G,,,,,,0.408063,,0.300458
41312,swine,37157,NP,280,G,A,,,,,,0.0,,0.030686
41318,swine,37157,NP,483,C,T,,,,,,0.0,,0.086495
41324,swine,37157,NS,115,G,A,,,,,,0.0,,0.13277
41332,swine,37157,NS,436,C,T,,,,,,0.140799,,0.0
41337,swine,37157,PA,179,C,A,,,,,,0.0,,0.187343
41342,swine,37157,PA,1026,A,G,,,,,,0.355685,,0.473386
41349,swine,37157,PB1,245,A,T,,,,,,0.112746,,0.0
41350,swine,37157,PB1,258,T,C,,,,,,0.51727,,0.492229
41352,swine,37157,PB1,504,A,G,,,,,,0.441848,,0.411432
41355,swine,37157,PB1,1244,T,C,,,,,,0.071715,,0.0
41356,swine,37157,PB1,1410,T,C,,,,,,0.0,,0.042083
41357,swine,37157,PB1,1413,A,G,,,,,,0.0,,0.043669
41358,swine,37157,PB1,1419,A,G,,,,,,0.0,,0.047108
41359,swine,37157,PB1,1422,G,A,,,,,,0.0,,0.050487
41360,swine,37157,PB1,1446,A,C,,,,,,0.0,,0.06957
41361,swine,37157,PB1,1461,T,A,,,,,,0.0,,0.093944
41362,swine,37157,PB1,1500,G,A,,,,,,0.0,,0.114356
41363,swine,37157,PB1,1506,A,G,,,,,,0.0,,0.11727
41364,swine,37157,PB1,1527,G,A,,,,,,0.0,,0.126197
41365,swine,37157,PB1,1549,A,G,,,,,,0.0,,0.123105
41366,swine,37157,PB1,1566,T,C,,,,,,0.0,,0.128198
41367,swine,37157,PB1,1614,T,C,,,,,,0.0,,0.130301
41368,swine,37157,PB1,1629,A,G,,,,,,0.0,,0.129293
41369,swine,37157,PB1,1632,C,T,,,,,,0.0,,0.128766
41370,swine,37157,PB1,1641,C,T,,,,,,0.0,,0.127245
41371,swine,37157,PB1,1680,A,G,,,,,,0.0,,0.093763
41372,swine,37157,PB1,1688,A,G,,,,,,0.0,,0.080197
41373,swine,37157,PB1,1689,A,G,,,,,,0.0,,0.078465
41374,swine,37157,PB1,1692,G,A,,,,,,0.0,,0.075591
41376,swine,37157,PB1,1710,A,G,,,,,,0.0,,0.074322
41377,swine,37157,PB1,1722,C,T,,,,,,0.0,,0.070262
41378,swine,37157,PB1,1725,A,G,,,,,,0.0,,0.070125
41379,swine,37157,PB1,1726,C,T,,,,,,0.0,,0.070092
41380,swine,37157,PB1,1728,A,G,,,,,,0.0,,0.068107
41381,swine,37157,PB1,1733,G,A,,,,,,0.0,,0.071146
41382,swine,37157,PB1,1737,G,A,,,,,,0.0,,0.073345
41383,swine,37157,PB1,1758,A,G,,,,,,0.0,,0.07272
41384,swine,37157,PB1,1760,C,T,,,,,,0.430037,,0.408953
41385,swine,37157,PB1,1764,A,G,,,,,,0.0,,0.071354
41386,swine,37157,PB1,1765,T,C,,,,,,0.0,,0.071963
41387,swine,37157,PB1,1776,T,A,,,,,,0.0,,0.072134
41388,swine,37157,PB1,1785,G,A,,,,,,0.0,,0.075829
41389,swine,37157,PB1,1791,T,C,,,,,,0.0,,0.077464
41390,swine,37157,PB1,1797,T,C,,,,,,0.0,,0.080017
41391,swine,37157,PB1,1800,T,C,,,,,,0.0,,0.085359
41392,swine,37157,PB1,1803,C,A,,,,,,0.0,,0.088473
41393,swine,37157,PB1,1842,C,G,,,,,,0.0,,0.116487
41394,swine,37157,PB1,1854,G,T,,,,,,0.0,,0.115203
41395,swine,37157,PB1,1887,C,T,,,,,,0.0,,0.096286
41396,swine,37157,PB1,1893,C,T,,,,,,0.0,,0.096267
41397,swine,37157,PB1,1896,C,G,,,,,,0.0,,0.09464
41398,swine,37157,PB1,1899,C,T,,,,,,0.0,,0.089561
41399,swine,37157,PB1,1905,A,G,,,,,,0.0,,0.0886
41400,swine,37157,PB1,1925,G,A,,,,,,0.0,,0.07959
41401,swine,37157,PB1,1941,C,A,,,,,,0.0,,0.070588
41402,swine,37157,PB1,1953,C,A,,,,,,0.0,,0.065791
41403,swine,37157,PB1,1983,A,T,,,,,,0.0,,0.052267
41404,swine,37157,PB1,1992,C,T,,,,,,0.0,,0.044194
41405,swine,37157,PB1,1995,A,C,,,,,,0.0,,0.046291
41407,swine,37157,PB2,190,A,C,,,,,,0.0,,0.050478
41411,swine,37157,PB2,699,T,C,,,,,,0.307219,,0.0
41414,swine,37157,PB2,1184,C,T,,,,,,0.358074,,0.0
41415,swine,37157,PB2,1679,T,C,,,,,,0.05514,,0.0
41419,swine,37158,HA,140,T,C,,,,0.0,0.0,0.0,0.033397,
41424,swine,37158,HA,515,G,A,,,,0.169064,0.080262,0.113351,0.996983,
41428,swine,37158,HA,691,A,T,,,,0.0,0.0,0.0,0.036527,
41436,swine,37158,HA,1071,C,G,,,,0.0,0.03713,0.0,0.0,
41452,swine,37158,MP,576,G,A,,,,0.0,0.034152,0.0,0.0,
41472,swine,37158,NA,735,C,T,,,,0.155239,0.0753,0.091691,0.0,
41483,swine,37158,NP,187,G,A,,,,0.226132,0.138452,0.205451,0.99754,
41512,swine,37158,NS,318,G,T,,,,0.03778,0.0,0.0,0.0,
41525,swine,37158,PA,1026,G,A,,,,0.4957,0.37216,0.435805,0.997728,
41544,swine,37158,PA,1934,T,C,,,,0.0,0.101253,0.0,0.0,
41548,swine,37158,PB1,259,T,C,,,,0.0,0.0,0.0,0.036322,
41550,swine,37158,PB1,298,C,T,,,,0.0,0.0,0.0,0.031876,
41552,swine,37158,PB1,504,A,G,,,,0.471932,0.322502,0.409058,0.995485,
41557,swine,37158,PB1,1056,A,C,,,,0.231955,0.193616,0.1589,0.0,
41567,swine,37158,PB1,1760,C,T,,,,0.155978,0.095251,0.131481,0.997345,
41570,swine,37158,PB1,2028,T,C,,,,0.0,0.0,0.0,0.99764,
41576,swine,37158,PB2,324,A,T,,,,0.0,0.0,0.0,0.044237,
41586,swine,37158,PB2,699,C,T,,,,0.186568,0.108031,0.164605,0.996763,
41600,swine,37158,PB2,2173,C,T,,,,0.0,0.0,0.044963,0.0,
41609,swine,37159,HA,190,A,G,,,,0.030302,0.0,0.0,0.0,
41614,swine,37159,HA,232,C,A,,,,0.032332,0.0,0.0,0.0,
41615,swine,37159,HA,249,A,G,,,,0.031919,0.0,0.0,0.0,
41616,swine,37159,HA,254,G,A,,,,0.032499,0.0,0.0,0.0,
41617,swine,37159,HA,258,C,A,,,,0.037368,0.0,0.0,0.0,
41618,swine,37159,HA,272,A,G,,,,0.037335,0.0,0.0,0.0,
41620,swine,37159,HA,302,A,G,,,,0.039058,0.0,0.0,0.0,
41622,swine,37159,HA,315,G,A,,,,0.042842,0.0,0.0,0.0,
41623,swine,37159,HA,340,A,G,,,,0.046087,0.0,0.0,0.0,
41624,swine,37159,HA,348,A,G,,,,0.04677,0.0,0.0,0.0,
41625,swine,37159,HA,363,G,A,,,,0.04075,0.0,0.0,0.0,
41627,swine,37159,HA,390,A,G,,,,0.040844,0.0,0.0,0.0,
41630,swine,37159,HA,405,A,C,,,,0.041798,0.0,0.0,0.0,
41631,swine,37159,HA,433,A,T,,,,0.03528,0.0,0.0,0.0,
41632,swine,37159,HA,440,G,A,,,,0.032535,0.0,0.0,0.0,
41633,swine,37159,HA,447,G,A,,,,0.030407,0.0,0.0,0.0,
41638,swine,37159,HA,477,C,A,,,,0.032708,0.0,0.0,0.0,
41648,swine,37159,HA,560,A,G,,,,0.034252,0.0,0.0,0.0,
41649,swine,37159,HA,564,G,A,,,,0.036941,0.0,0.0,0.0,
41651,swine,37159,HA,570,T,C,,,,0.039641,0.0,0.0,0.0,
41657,swine,37159,HA,603,C,T,,,,0.031134,0.0,0.0,0.0,
41659,swine,37159,HA,627,C,T,,,,0.035769,0.0,0.0,0.0,
41660,swine,37159,HA,630,A,G,,,,0.03616,0.0,0.0,0.0,
41661,swine,37159,HA,642,C,A,,,,0.040012,0.0,0.0,0.0,
41662,swine,37159,HA,657,A,G,,,,0.034039,0.0,0.0,0.0,
41663,swine,37159,HA,674,G,A,,,,0.042327,0.0,0.0,0.0,
41664,swine,37159,HA,675,A,G,,,,0.042781,0.0,0.0,0.0,
41665,swine,37159,HA,682,G,A,,,,0.042405,0.0,0.0,0.0,
41666,swine,37159,HA,687,A,G,,,,0.041529,0.0,0.0,0.0,
41668,swine,37159,HA,708,G,A,,,,0.042606,0.0,0.0,0.0,
41670,swine,37159,HA,717,C,T,,,,0.039299,0.0,0.0,0.0,
41671,swine,37159,HA,722,C,A,,,,0.042443,0.0,0.0,0.0,
41673,swine,37159,HA,759,T,G,,,,0.055907,0.0,0.0,0.0,
41674,swine,37159,HA,768,G,A,,,,0.054477,0.0,0.0,0.0,
41675,swine,37159,HA,813,C,A,,,,0.056542,0.0,0.0,0.0,
41676,swine,37159,HA,820,T,A,,,,0.050549,0.0,0.0,0.0,
41677,swine,37159,HA,823,A,G,,,,0.047337,0.0,0.0,0.0,
41678,swine,37159,HA,832,T,G,,,,0.046209,0.0,0.0,0.0,
41679,swine,37159,HA,864,T,A,,,,0.050385,0.0,0.0,0.0,
41681,swine,37159,HA,876,T,C,,,,0.043463,0.0,0.0,0.0,
41682,swine,37159,HA,877,G,A,,,,0.042921,0.0,0.0,0.0,
41683,swine,37159,HA,882,G,A,,,,0.047474,0.0,0.0,0.0,
41684,swine,37159,HA,884,A,C,,,,0.053952,0.0,0.0,0.0,
41686,swine,37159,HA,900,T,G,,,,0.041337,0.0,0.0,0.0,
41687,swine,37159,HA,930,A,G,,,,0.034577,0.0,0.0,0.0,
41696,swine,37159,HA,991,A,C,,,,0.051786,0.0,0.0,0.042773,
41702,swine,37159,HA,1035,G,C,,,,0.050566,0.0,0.0,0.0,
41703,swine,37159,HA,1038,G,A,,,,0.050041,0.0,0.0,0.0,
41704,swine,37159,HA,1053,T,C,,,,0.042675,0.0,0.0,0.0,
41705,swine,37159,HA,1056,C,T,,,,0.042784,0.0,0.0,0.0,
41706,swine,37159,HA,1062,C,T,,,,0.042694,0.0,0.0,0.0,
41707,swine,37159,HA,1071,C,G,,,,0.039303,0.0,0.0,0.0,
41708,swine,37159,HA,1080,A,G,,,,0.040859,0.0,0.0,0.0,
41710,swine,37159,HA,1084,A,G,,,,0.042786,0.0,0.0,0.0,
41712,swine,37159,HA,1104,C,T,,,,0.053311,0.0,0.0,0.0,
41713,swine,37159,HA,1125,A,G,,,,0.054109,0.0,0.0,0.0,
41714,swine,37159,HA,1172,G,A,,,,0.054387,0.0,0.0,0.0,
41715,swine,37159,HA,1176,C,T,,,,0.053718,0.0,0.0,0.0,
41716,swine,37159,HA,1185,G,A,,,,0.046105,0.0,0.0,0.0,
41717,swine,37159,HA,1197,C,T,,,,0.047535,0.0,0.0,0.0,
41719,swine,37159,HA,1212,C,T,,,,0.046726,0.0,0.0,0.0,
41721,swine,37159,HA,1218,A,G,,,,0.043627,0.0,0.0,0.0,
41722,swine,37159,HA,1244,G,A,,,,0.051659,0.0,0.0,0.0,
41724,swine,37159,HA,1249,T,C,,,,0.049155,0.0,0.0,0.0,
41725,swine,37159,HA,1256,G,A,,,,0.050342,0.0,0.0,0.0,
41727,swine,37159,HA,1280,A,T,,,,0.0,0.0,0.0,0.033532,
41728,swine,37159,HA,1281,G,A,,,,0.054936,0.0,0.0,0.0,
41731,swine,37159,HA,1296,T,C,,,,0.087652,0.0,0.0,0.0,
41732,swine,37159,HA,1297,G,C,,,,0.087807,0.0,0.0,0.0,
41733,swine,37159,HA,1299,A,G,,,,0.089094,0.0,0.0,0.0,
41734,swine,37159,HA,1302,T,C,,,,0.087673,0.0,0.0,0.0,
41735,swine,37159,HA,1341,G,A,,,,0.070505,0.0,0.0,0.0,
41736,swine,37159,HA,1359,T,C,,,,0.067406,0.0,0.0,0.0,
41737,swine,37159,HA,1368,C,T,,,,0.079021,0.0,0.0,0.0,
41738,swine,37159,HA,1380,A,G,,,,0.08211,0.0,0.0,0.0,
41739,swine,37159,HA,1382,T,A,,,,0.087242,0.0,0.0,0.0,
41740,swine,37159,HA,1395,A,G,,,,0.108609,0.0,0.0,0.0,
41741,swine,37159,HA,1398,G,A,,,,0.107969,0.0,0.0,0.0,
41742,swine,37159,HA,1437,T,C,,,,0.087745,0.0,0.0,0.0,
41743,swine,37159,HA,1455,T,C,,,,0.076349,0.0,0.0,0.0,
41744,swine,37159,HA,1464,T,C,,,,0.075855,0.0,0.0,0.0,
41745,swine,37159,HA,1473,A,G,,,,0.082352,0.0,0.0,0.0,
41747,swine,37159,HA,1485,C,T,,,,0.080554,0.0,0.0,0.0,
41748,swine,37159,HA,1497,A,G,,,,0.07627,0.0,0.0,0.0,
41749,swine,37159,HA,1506,T,C,,,,0.061954,0.0,0.0,0.0,
41750,swine,37159,HA,1512,T,A,,,,0.093809,0.0,0.0,0.0,
41752,swine,37159,HA,1534,C,T,,,,0.092713,0.0,0.0,0.0,
41753,swine,37159,HA,1545,G,A,,,,0.094473,0.0,0.0,0.0,
41755,swine,37159,HA,1564,T,C,,,,0.079011,0.0,0.0,0.0,
41756,swine,37159,HA,1578,A,G,,,,0.077806,0.0,0.0,0.0,
41757,swine,37159,HA,1587,A,G,,,,0.077863,0.0,0.0,0.0,
41758,swine,37159,HA,1608,A,T,,,,0.081622,0.0,0.0,0.0,
41759,swine,37159,HA,1629,A,G,,,,0.08664,0.0,0.0,0.0,
41760,swine,37159,HA,1630,A,G,,,,0.086638,0.0,0.0,0.0,
41761,swine,37159,HA,1677,G,T,,,,0.038958,0.0,0.0,0.0,
41762,swine,37159,MP,253,A,G,,,,0.0,0.0,0.038241,0.0,
41772,swine,37159,MP,408,A,G,,,,0.0,0.035067,0.075542,0.0,
41817,swine,37159,NP,585,A,G,,,,0.0,0.0,0.152099,0.0,
41823,swine,37159,NP,749,A,C,,,,0.0,0.0,0.0,0.032417,
41839,swine,37159,NP,1357,C,A,,,,0.0,0.0,0.033306,0.0,
41849,swine,37159,NS,532,A,C,,,,0.0,0.0,0.0,0.031012,
41859,swine,37159,PA,591,C,T,,,,0.0,0.037131,0.085677,0.0,
41863,swine,37159,PA,696,T,A,,,,0.032759,0.0,0.0,0.0,
41890,swine,37159,PB1,559,A,T,,,,0.0,0.0,0.0,0.032632,
41891,swine,37159,PB1,636,G,A,,,,0.0,0.0,0.12931,0.0,
41900,swine,37159,PB1,1230,C,A,,,,0.0,0.0,0.0,0.792803,
41905,swine,37159,PB1,1831,T,C,,,,0.0,0.0,0.0,0.099929,
41906,swine,37159,PB1,2048,T,C,,,,0.0,0.0,0.0,0.046243,
41907,swine,37159,PB1,2108,G,A,,,,0.0,0.0,0.0,0.053763,
41912,swine,37159,PB2,553,A,C,,,,0.0,0.0,0.0,0.030549,
41913,swine,37159,PB2,559,A,C,,,,0.0,0.0,0.0,0.038356,
41916,swine,37159,PB2,755,A,C,,,,0.0,0.0,0.0,0.033585,
41934,swine,37159,PB2,1936,A,G,,,,0.0,0.0,0.0,0.062666,
41935,swine,37159,PB2,1989,A,C,,,,0.0,0.0,0.0,0.039872,
41940,swine,37177,HA,264,A,G,,,,,,,0.042706,0.0
41942,swine,37177,HA,436,G,A,,,,,,,0.0,0.123108
41947,swine,37177,HA,1085,T,C,,,,,,,0.0,0.037228
41948,swine,37177,HA,1331,T,C,,,,,,,0.045163,0.0
41985,swine,37177,NA,736,G,T,,,,,,,0.0,0.401125
41994,swine,37177,NP,249,C,A,,,,,,,0.061617,0.0
41996,swine,37177,NP,465,T,C,,,,,,,0.066825,0.0
41997,swine,37177,NP,715,A,G,,,,,,,0.0,0.101903
41999,swine,37177,NP,1098,T,C,,,,,,,0.0,0.05276
42002,swine,37177,NP,1435,T,C,,,,,,,0.044746,0.0
42007,swine,37177,NS,496,C,T,,,,,,,0.04919,0.0
42011,swine,37177,NS,577,C,A,,,,,,,0.0,0.031976
42012,swine,37177,NS,677,T,C,,,,,,,0.05937,0.0
42015,swine,37177,PA,556,G,A,,,,,,,0.0,0.142388
42016,swine,37177,PA,571,T,A,,,,,,,0.0,0.044764
42020,swine,37177,PA,896,G,A,,,,,,,0.036237,0.0
42031,swine,37177,PB1,353,G,A,,,,,,,0.032721,0.0
42037,swine,37177,PB1,1370,A,G,,,,,,,0.030949,0.0
42044,swine,37177,PB2,390,C,T,,,,,,,0.0,0.089408
42051,swine,37177,PB2,861,A,C,,,,,,,0.088314,0.0
42053,swine,37177,PB2,922,G,T,,,,,,,0.082471,0.0
42054,swine,37177,PB2,1188,G,A,,,,,,,0.0,0.402494
42063,swine,37177,PB2,1959,T,C,,,,,,,0.0,0.036346
42106,swine,37182,NA,694,G,T,,,,,,0.056759,0.0,
42116,swine,37182,NA,1266,C,T,,,,,,0.0,0.033478,
42172,swine,37182,PB1,232,G,A,,,,,,0.0,0.037146,
42178,swine,37182,PB1,839,C,T,,,,,,0.0,0.03088,
42184,swine,37182,PB1,1397,T,C,,,,,,0.0,0.040938,
42191,swine,37182,PB1,1962,C,T,,,,,,0.0,0.033221,
42192,swine,37182,PB1,2012,A,G,,,,,,0.0,0.034069,
42220,swine,37188,HA,641,C,A,,,,,0.0,0.034012,,
42228,swine,37188,HA,1348,C,A,,,,,0.0,0.037511,,
42229,swine,37188,HA,1400,C,A,,,,,0.0,0.031975,,
42239,swine,37188,MP,468,T,C,,,,,0.035208,0.0,,
42240,swine,37188,MP,469,T,C,,,,,0.033599,0.0,,
42241,swine,37188,MP,492,A,G,,,,,0.033467,0.0,,
42243,swine,37188,MP,528,G,A,,,,,0.031384,0.0,,
42246,swine,37188,MP,711,A,G,,,,,0.030999,0.0,,
42248,swine,37188,MP,768,C,T,,,,,0.030596,0.0,,
42254,swine,37188,NA,306,G,C,,,,,0.117141,0.0,,
42256,swine,37188,NA,336,G,A,,,,,0.106334,0.0,,
42264,swine,37188,NA,736,T,G,,,,,0.0,0.259284,,
42271,swine,37188,NA,1072,A,G,,,,,0.168518,0.0,,
42293,swine,37188,NS,60,A,G,,,,,0.189157,0.0,,
42294,swine,37188,NS,63,G,A,,,,,0.188384,0.0,,
42295,swine,37188,NS,127,A,T,,,,,0.170091,0.0,,
42296,swine,37188,NS,133,A,G,,,,,0.174708,0.0,,
42297,swine,37188,NS,150,C,T,,,,,0.194527,0.0,,
42298,swine,37188,NS,151,A,G,,,,,0.195151,0.0,,
42299,swine,37188,NS,159,C,T,,,,,0.165893,0.0,,
42300,swine,37188,NS,192,T,C,,,,,0.175119,0.0,,
42301,swine,37188,NS,198,G,A,,,,,0.17592,0.0,,
42302,swine,37188,NS,204,T,C,,,,,0.178961,0.0,,
42303,swine,37188,NS,207,A,G,,,,,0.180666,0.0,,
42304,swine,37188,NS,214,A,G,,,,,0.188305,0.0,,
42305,swine,37188,NS,233,A,G,,,,,0.209049,0.0,,
42306,swine,37188,NS,234,G,A,,,,,0.208836,0.0,,
42307,swine,37188,NS,240,C,A,,,,,0.213544,0.0,,
42308,swine,37188,NS,250,A,G,,,,,0.192538,0.0,,
42309,swine,37188,NS,258,C,T,,,,,0.211166,0.0,,
42310,swine,37188,NS,270,A,T,,,,,0.208286,0.0,,
42311,swine,37188,NS,271,G,T,,,,,0.209427,0.0,,
42313,swine,37188,NS,309,A,C,,,,,0.193542,0.0,,
42315,swine,37188,NS,315,T,C,,,,,0.120906,0.0,,
42316,swine,37188,NS,348,T,C,,,,,0.159507,0.0,,
42317,swine,37188,NS,351,T,G,,,,,0.159982,0.0,,
42318,swine,37188,NS,355,G,T,,,,,0.182309,0.0,,
42319,swine,37188,NS,357,A,G,,,,,0.177027,0.0,,
42321,swine,37188,NS,372,T,G,,,,,0.164652,0.0,,
42323,swine,37188,NS,384,C,A,,,,,0.166111,0.0,,
42324,swine,37188,NS,385,A,G,,,,,0.165286,0.0,,
42325,swine,37188,NS,408,G,A,,,,,0.153649,0.0,,
42326,swine,37188,NS,429,T,C,,,,,0.143545,0.0,,
42327,swine,37188,NS,441,G,A,,,,,0.163612,0.0,,
42328,swine,37188,NS,444,A,G,,,,,0.16649,0.0,,
42329,swine,37188,NS,468,C,A,,,,,0.153863,0.0,,
42330,swine,37188,NS,489,G,A,,,,,0.16373,0.0,,
42332,swine,37188,NS,511,A,T,,,,,0.178476,0.0,,
42334,swine,37188,NS,532,A,G,,,,,0.175243,0.0,,
42335,swine,37188,NS,581,G,T,,,,,0.188884,0.0,,
42336,swine,37188,NS,592,C,A,,,,,0.184521,0.0,,
42338,swine,37188,NS,616,C,T,,,,,0.181025,0.0,,
42339,swine,37188,NS,619,A,G,,,,,0.180228,0.0,,
42340,swine,37188,NS,625,G,A,,,,,0.18023,0.0,,
42341,swine,37188,NS,651,A,G,,,,,0.181477,0.0,,
42342,swine,37188,NS,719,G,A,,,,,0.19938,0.0,,
42343,swine,37188,NS,721,A,G,,,,,0.201001,0.0,,
42344,swine,37188,NS,724,A,G,,,,,0.202358,0.0,,
42345,swine,37188,NS,737,A,G,,,,,0.155371,0.0,,
42346,swine,37188,NS,748,C,T,,,,,0.147954,0.0,,
42347,swine,37188,NS,815,A,G,,,,,0.079614,0.0,,
42357,swine,37188,PA,857,A,G,,,,,0.042975,0.0,,
42358,swine,37188,PA,960,T,A,,,,,0.0,0.06228,,
42374,swine,37188,PB1,1370,A,G,,,,,0.091774,0.077243,,
42379,swine,37188,PB1,1656,C,T,,,,,0.049729,0.0,,
42387,swine,37188,PB1,2048,T,C,,,,,0.196533,0.0,,
42395,swine,37188,PB2,813,A,G,,,,,0.480526,0.0,,
42401,swine,37188,PB2,1188,G,A,,,,,0.244183,0.798902,,
42403,swine,37188,PB2,1228,A,G,,,,,0.072557,0.0,,
42404,swine,37188,PB2,1320,G,A,,,,,0.258898,0.0,,
42414,swine,37192,HA,370,C,G,,,,,,,0.033418,0.0
42422,swine,37192,HA,754,A,G,,,,,,,0.032561,0.0
42427,swine,37192,HA,1213,A,G,,,,,,,0.0,0.079929
42432,swine,37192,HA,1437,C,G,,,,,,,0.032374,0.0
42471,swine,37192,NA,943,A,G,,,,,,,0.037185,0.0
42481,swine,37192,NA,1203,T,C,,,,,,,0.0,0.040183
42502,swine,37192,NP,1008,T,C,,,,,,,0.0,0.077168
42534,swine,37192,PA,649,C,T,,,,,,,0.0,0.035652
42536,swine,37192,PA,788,C,A,,,,,,,0.0,0.041757
42537,swine,37192,PA,850,C,A,,,,,,,0.0,0.086053
42542,swine,37192,PA,1118,A,C,,,,,,,0.0,0.042727
42547,swine,37192,PA,1321,A,C,,,,,,,0.0,0.0314
42548,swine,37192,PA,1427,C,T,,,,,,,0.0,0.030188
42559,swine,37192,PB1,576,G,A,,,,,,,0.0,0.033339
42560,swine,37192,PB1,714,A,G,,,,,,,0.107894,0.273245
42566,swine,37192,PB1,1138,T,C,,,,,,,0.0,0.04333
42569,swine,37192,PB1,1370,A,G,,,,,,,0.030668,0.036756
42575,swine,37192,PB1,1699,C,A,,,,,,,0.0,0.03301
42581,swine,37192,PB1,1902,T,C,,,,,,,0.0,0.046756
42584,swine,37192,PB1,2208,G,A,,,,,,,0.067355,0.0
42589,swine,37192,PB2,594,C,T,,,,,,,0.0,0.058242
42599,swine,37192,PB2,951,G,A,,,,,,,0.0,0.054861
42600,swine,37192,PB2,996,G,A,,,,,,,0.0,0.063486
42612,swine,37192,PB2,1782,A,G,,,,,,,0.0,0.076272
42631,swine,37193,HA,612,C,A,,,,,,,0.0,0.068201
42655,swine,37193,MP,793,T,C,,,,,,,0.165959,0.852176
42662,swine,37193,NA,736,G,T,,,,,,,0.124311,0.404663
42692,swine,37193,NS,572,C,A,,,,,,,0.0,0.480873
42705,swine,37193,PA,1618,T,C,,,,,,,0.0,0.497302
42719,swine,37193,PB1,1370,A,G,,,,,,,0.046656,0.0
42739,swine,37193,PB2,1188,G,A,,,,,,,0.115826,0.344089
42752,swine,37199,HA,435,G,T,,,,,,,0.0,0.04632
42756,swine,37199,HA,1052,T,A,,,,,,,0.034187,0.0
42757,swine,37199,HA,1053,C,A,,,,,,,0.035648,0.0
42761,swine,37199,MP,295,C,A,,,,,,,0.060502,0.0
42762,swine,37199,MP,374,C,T,,,,,,,0.040342,0.0
42769,swine,37199,MP,679,A,G,,,,,,,0.079191,0.0
42774,swine,37199,MP,893,C,T,,,,,,,0.049339,0.0
42776,swine,37199,NA,295,C,A,,,,,,,0.045615,0.0
42781,swine,37199,NA,524,G,A,,,,,,,0.0,0.049447
42788,swine,37199,NA,736,G,T,,,,,,,0.10461,0.2174
42799,swine,37199,NP,778,G,A,,,,,,,0.034873,0.0
42802,swine,37199,NP,1236,C,T,,,,,,,0.131971,0.0
42804,swine,37199,NS,217,T,A,,,,,,,0.033006,0.0
42810,swine,37199,NS,562,A,G,,,,,,,0.034166,0.0
42813,swine,37199,PA,244,A,G,,,,,,,0.031511,0.0
42814,swine,37199,PA,257,T,C,,,,,,,0.096122,0.102377
42815,swine,37199,PA,259,G,C,,,,,,,0.083317,0.087452
42816,swine,37199,PA,380,T,C,,,,,,,0.0,0.033909
42818,swine,37199,PA,591,C,A,,,,,,,0.0,0.048269
42821,swine,37199,PA,1301,C,T,,,,,,,0.0,0.080308
42823,swine,37199,PA,1347,A,G,,,,,,,0.309573,0.0
42829,swine,37199,PA,1815,A,G,,,,,,,0.0,0.051751
42830,swine,37199,PA,1915,A,T,,,,,,,0.0,0.042746
42833,swine,37199,PB1,394,A,G,,,,,,,0.0,0.061868
42834,swine,37199,PB1,519,A,G,,,,,,,0.098004,0.0
42842,swine,37199,PB1,1370,A,G,,,,,,,0.034448,0.045271
42847,swine,37199,PB1,1631,C,T,,,,,,,0.0,0.057597
42857,swine,37199,PB2,594,C,T,,,,,,,0.096594,0.110917
42860,swine,37199,PB2,1188,G,A,,,,,,,0.089918,0.112313
42863,swine,37199,PB2,1473,G,A,,,,,,,0.129639,0.0
42869,swine,37199,PB2,1804,C,A,,,,,,,0.112132,0.0
42870,swine,37199,PB2,1972,T,C,,,,,,,0.0,0.040285
42879,swine,37201,HA,568,T,C,,,,,,0.296052,,0.0
42899,swine,37201,NP,230,T,A,,,,,,0.0,,0.990622
42918,swine,37201,PA,611,A,G,,,,,,0.157568,,0.997405
42926,swine,37201,PA,1163,G,T,,,,,,0.0,,0.363902
42930,swine,37201,PA,1709,T,C,,,,,,0.151638,,0.997699
42932,swine,37201,PB1,201,T,C,,,,,,0.320513,,0.0
42934,swine,37201,PB1,225,A,G,,,,,,0.298507,,0.0
42936,swine,37201,PB1,342,C,T,,,,,,0.235294,,0.0
42937,swine,37201,PB1,360,T,C,,,,,,0.226667,,0.0
42938,swine,37201,PB1,372,G,A,,,,,,0.173333,,0.0
42940,swine,37201,PB1,579,T,C,,,,,,0.272727,,0.0
42941,swine,37201,PB1,879,G,A,,,,,,0.137255,,0.0
42942,swine,37201,PB1,906,T,C,,,,,,0.12,,0.0
42943,swine,37201,PB1,960,G,A,,,,,,0.177419,,0.0
42944,swine,37201,PB1,984,C,T,,,,,,0.15873,,0.0
42945,swine,37201,PB1,1056,G,A,,,,,,0.301205,,0.0
42946,swine,37201,PB1,1071,C,T,,,,,,0.242857,,0.0
42947,swine,37201,PB1,1088,A,G,,,,,,0.232877,,0.0
42949,swine,37201,PB1,1110,A,G,,,,,,0.24,,0.0
42950,swine,37201,PB1,1120,T,G,,,,,,0.368421,,0.0
42951,swine,37201,PB1,1128,T,C,,,,,,0.236842,,0.0
42952,swine,37201,PB1,1160,A,G,,,,,,0.19403,,0.0
42953,swine,37201,PB1,1182,C,T,,,,,,0.238806,,0.0
42954,swine,37201,PB1,1185,C,A,,,,,,0.177215,,0.0
42955,swine,37201,PB1,1203,A,G,,,,,,0.128571,,0.0
42956,swine,37201,PB1,1207,C,T,,,,,,0.216216,,0.0
42957,swine,37201,PB1,1317,C,T,,,,,,0.17,,0.0
42960,swine,37201,PB1,1464,A,G,,,,,,0.09396,,0.0
42961,swine,37201,PB1,1632,T,C,,,,,,0.118519,,0.0
42962,swine,37201,PB1,1647,G,A,,,,,,0.125,,0.0
42965,swine,37201,PB1,1875,C,T,,,,,,0.10687,,0.0
42966,swine,37201,PB1,1980,A,T,,,,,,0.088496,,0.0
42967,swine,37201,PB1,2061,G,A,,,,,,0.092437,,0.0
42969,swine,37201,PB1,2082,T,C,,,,,,0.127273,,0.0
42970,swine,37201,PB1,2112,G,A,,,,,,0.16,,0.0
42971,swine,37201,PB1,2130,G,A,,,,,,0.157025,,0.0
42972,swine,37201,PB1,2145,A,G,,,,,,0.169492,,0.0
42976,swine,37201,PB2,594,C,T,,,,,,0.0,,0.246547
42979,swine,37201,PB2,1188,G,A,,,,,,0.0,,0.057036
42981,swine,37201,PB2,1569,A,G,,,,,,0.030084,,0.0
42992,swine,37208,HA,1346,A,G,,,,,,0.0,,0.313466
42994,swine,37208,HA,1613,T,C,,,,,,0.036375,,0.0
43002,swine,37208,MP,784,C,T,,,,,,0.030109,,0.0
43014,swine,37208,NA,845,C,T,,,,,,0.048825,,0.0
43019,swine,37208,NA,1402,C,T,,,,,,0.0,,0.045052
43031,swine,37208,NP,999,C,A,,,,,,0.066244,,0.0
43032,swine,37208,NP,1093,A,G,,,,,,0.060046,,0.0
43045,swine,37208,NS,770,A,G,,,,,,0.0,,0.032418
43047,swine,37208,PA,301,G,T,,,,,,0.0,,0.124767
43059,swine,37208,PA,1552,G,A,,,,,,0.081628,,0.0
43068,swine,37208,PB1,767,A,G,,,,,,0.0,,0.041363
43075,swine,37208,PB1,1370,A,G,,,,,,0.0,,0.044871
43079,swine,37208,PB1,1709,C,T,,,,,,0.0,,0.154529
43080,swine,37208,PB1,1833,A,G,,,,,,0.0,,0.19742
43082,swine,37208,PB1,2000,T,C,,,,,,0.0,,0.039161
43083,swine,37208,PB1,2191,G,A,,,,,,0.0,,0.038637
43085,swine,37208,PB2,356,T,C,,,,,,0.0,,0.071783
43090,swine,37208,PB2,750,G,T,,,,,,0.0,,0.056443
43093,swine,37208,PB2,986,C,A,,,,,,0.0,,0.082742
43097,swine,37208,PB2,1160,G,A,,,,,,0.0,,0.045696
43101,swine,37208,PB2,1518,T,A,,,,,,0.0,,0.056545
43109,swine,37208,PB2,1945,G,A,,,,,,0.0,,0.042798
43116,swine,37216,HA,1533,G,A,,,,,,,0.0,0.115677
43117,swine,37216,MP,599,C,T,,,,,,,0.0,0.039819
43125,swine,37216,NP,564,A,C,,,,,,,0.0,0.034925
43134,swine,37216,PB1,1370,A,G,,,,,,,0.0,0.069792
43138,swine,37216,PB1,1712,G,A,,,,,,,0.073685,0.048254
43139,swine,37216,PB1,1713,A,G,,,,,,,0.073155,0.048744
43145,swine,37227,HA,171,G,A,,,,,,,0.335796,0.18017
43149,swine,37227,HA,414,A,G,,,,,,,0.0,0.031994
43153,swine,37227,HA,643,T,C,,,,,,,0.038128,0.0
43157,swine,37227,HA,986,C,A,,,,,,,0.0,0.03369
43158,swine,37227,HA,1196,G,A,,,,,,,0.054346,0.0
43161,swine,37227,HA,1578,A,G,,,,,,,0.044418,0.0
43180,swine,37227,NA,736,G,T,,,,,,,0.0,0.5668
43251,swine,37227,PB1,1186,C,T,,,,,,,0.0,0.054408
43259,swine,37227,PB1,1525,C,A,,,,,,,0.0,0.034585
43275,swine,37227,PB2,38,G,A,,,,,,,0.379188,0.912646
43292,swine,37227,PB2,1188,A,G,,,,,,,0.453356,0.348411
43294,swine,37227,PB2,1245,G,A,,,,,,,0.0,0.604262
43315,swine,37228,HA,1047,C,A,,,,,,,0.0,0.757143
43316,swine,37228,HA,1052,T,A,,,,,,,0.0,0.85
43317,swine,37228,HA,1053,C,A,,,,,,,0.0,0.85
43318,swine,37228,HA,1135,C,T,,,,,,,0.0,0.068859
43328,swine,37228,MP,534,A,G,,,,,,,0.0,0.053596
43349,swine,37228,NP,771,T,C,,,,,,,0.0,0.123411
43363,swine,37228,PA,716,A,G,,,,,,,0.0,0.284911
43366,swine,37228,PA,879,A,G,,,,,,,0.0,0.030643
43371,swine,37228,PA,1701,C,A,,,,,,,0.0,0.143356
43373,swine,37228,PB1,234,A,G,,,,,,,0.0,0.307912
43383,swine,37228,PB1,1370,A,G,,,,,,,0.0,0.054731
43387,swine,37228,PB1,1439,A,G,,,,,,,0.036804,0.055612
43389,swine,37228,PB1,1647,G,A,,,,,,,0.079439,0.0
43423,swine,37248,MP,528,G,A,,,,,,0.032339,,0.0
43426,swine,37248,NA,736,G,T,,,,,,0.0,,0.102189
43428,swine,37248,NA,850,T,C,,,,,,0.047469,,0.0
43429,swine,37248,NP,59,A,C,,,,,,0.20556,,0.0
43430,swine,37248,NP,264,T,C,,,,,,0.094902,,0.0
43441,swine,37248,NS,543,C,A,,,,,,0.068865,,0.0
43459,swine,37248,PB1,1370,A,G,,,,,,0.0,,0.096262
43468,swine,37248,PB2,547,C,A,,,,,,0.0,,0.090114
43472,swine,37248,PB2,1188,G,A,,,,,,0.0,,0.246306
43484,swine,37250,HA,1470,C,T,,,,,,,0.0,0.985227
43499,swine,37250,NP,999,C,T,,,,,,,0.038981,0.0
43504,swine,37250,NS,492,T,G,,,,,,,0.030355,0.0
43516,swine,37250,PA,2021,A,G,,,,,,,0.093077,0.0
43518,swine,37250,PB1,455,C,A,,,,,,,0.069346,0.0
43521,swine,37250,PB1,1370,A,G,,,,,,,0.061076,0.069356
43526,swine,37250,PB1,2202,G,A,,,,,,,0.053227,0.0
43529,swine,37250,PB2,636,C,T,,,,,,,0.04677,0.982828
43534,swine,37250,PB2,1188,A,G,,,,,,,0.048234,0.986709
43546,swine,37250,PB2,2105,A,G,,,,,,,0.0,0.031964
43565,swine,37260,HA,1533,A,G,,,,,,,0.0,0.091531
43589,swine,37260,NS,387,A,G,,,,,,,0.103515,0.0
43599,swine,37260,PB1,204,G,A,,,,,,,0.0,0.032397
43610,swine,37260,PB1,1370,A,G,,,,,,,0.047166,0.111522
43637,swine,37262,HA,1615,T,A,,,,,,0.204117,0.997452,
43643,swine,37262,NA,1305,A,G,,,,,,0.221459,0.0,
43653,swine,37262,PA,221,A,G,,,,,,0.039735,0.0,
43654,swine,37262,PA,1026,A,G,,,,,,0.0,0.45928,
43656,swine,37262,PA,1166,A,G,,,,,,0.352147,0.0,
43658,swine,37262,PA,2128,T,C,,,,,,0.093156,0.0,
43661,swine,37262,PB1,504,G,A,,,,,,0.0,0.160527,
43663,swine,37262,PB1,1081,C,A,,,,,,0.0,0.988136,
43664,swine,37262,PB1,1202,C,T,,,,,,0.089885,0.0,
43669,swine,37262,PB1,1760,C,T,,,,,,0.0,0.357075,
43674,swine,37262,PB2,647,G,A,,,,,,0.0,0.109269,
43675,swine,37262,PB2,674,G,A,,,,,,0.050244,0.0,
43682,swine,37262,PB2,1987,A,G,,,,,,0.312832,0.0,
43685,swine,37271,HA,544,A,G,,,,,,0.0,,0.997738
43687,swine,37271,HA,593,T,C,,,,,,0.058653,,0.0
43690,swine,37271,HA,1009,C,T,,,,,,0.045476,,0.0
43694,swine,37271,HA,1130,A,C,,,,,,0.251705,,0.998146
43712,swine,37271,NA,736,G,T,,,,,,0.336449,,0.0
43734,swine,37271,NP,1218,C,T,,,,,,0.498521,,0.0
43746,swine,37271,NS,755,G,A,,,,,,0.091687,,0.0
43752,swine,37271,PA,788,C,A,,,,,,0.0,,0.030649
43768,swine,37271,PA,1937,T,G,,,,,,0.0,,0.35415
43770,swine,37271,PA,2047,A,C,,,,,,0.293021,,0.984678
43771,swine,37271,PB1,474,T,C,,,,,,0.0,,0.556224
43777,swine,37271,PB1,1370,A,G,,,,,,0.032527,,0.136233
43781,swine,37271,PB1,1459,A,G,,,,,,0.03076,,0.0
43786,swine,37271,PB1,1902,T,C,,,,,,0.0,,0.074546
43788,swine,37271,PB1,2032,A,G,,,,,,0.058979,,0.0
43790,swine,37271,PB1,2124,G,T,,,,,,0.432529,,0.0
43800,swine,37271,PB2,1188,G,A,,,,,,0.186199,,0.0
43821,swine,37279,HA,1262,G,A,,,0.0,,,,0.121842,
43823,swine,37279,HA,1571,A,C,,,0.0,,,,0.157169,
43829,swine,37279,MP,293,A,G,,,0.0,,,,0.03265,
43830,swine,37279,MP,387,C,T,,,0.0,,,,0.049111,
43833,swine,37279,MP,829,T,C,,,0.0,,,,0.030076,
43836,swine,37279,NA,978,C,T,,,0.0,,,,0.090065,
43843,swine,37279,NP,556,G,A,,,0.0,,,,0.080733,
43844,swine,37279,NP,891,A,G,,,0.0,,,,0.061039,
43847,swine,37279,NS,236,T,C,,,0.0,,,,0.036531,
43854,swine,37279,PA,294,A,G,,,0.0,,,,0.041572,
43856,swine,37279,PA,1181,A,G,,,0.0,,,,0.07259,
43857,swine,37279,PA,1798,T,C,,,0.0,,,,0.047332,
43861,swine,37279,PB1,1370,A,G,,,0.10449,,,,0.101926,
43864,swine,37279,PB1,1626,A,G,,,0.0,,,,0.05211,
43898,swine,37280,MP,425,C,T,,,,,,,0.0,0.037488
43911,swine,37280,NA,288,A,G,,,,,,,0.0,0.031247
43912,swine,37280,NA,343,T,C,,,,,,,0.0,0.048064
43913,swine,37280,NA,383,A,G,,,,,,,0.0,0.074952
43923,swine,37280,NA,667,C,A,,,,,,,0.0,0.097865
43925,swine,37280,NA,736,G,T,,,,,,,0.0,0.146458
43933,swine,37280,NA,1248,C,A,,,,,,,0.0,0.265882
43946,swine,37280,NP,789,A,C,,,,,,,0.0,0.089437
43958,swine,37280,NS,353,G,A,,,,,,,0.0,0.055478
43960,swine,37280,NS,447,T,C,,,,,,,0.0,0.032911
43963,swine,37280,NS,682,A,G,,,,,,,0.0,0.050817
43964,swine,37280,PA,256,A,G,,,,,,,0.0,0.049869
43965,swine,37280,PA,438,T,C,,,,,,,0.0,0.05291
43973,swine,37280,PA,797,G,A,,,,,,,0.0,0.034266
44006,swine,37280,PB1,1370,A,G,,,,,,,0.0,0.071557
44010,swine,37280,PB1,1401,C,T,,,,,,,0.0,0.059995
44023,swine,37280,PB2,319,A,G,,,,,,,0.0,0.041408
44038,swine,37280,PB2,1188,G,A,,,,,,,0.0,0.047492
44048,swine,37280,PB2,1981,G,A,,,,,,,0.0,0.098288
44053,swine,37281,HA,418,A,G,,,,,,,0.15334,0.0
44055,swine,37281,HA,544,G,A,,,,,,,0.0,0.129973
44056,swine,37281,HA,592,G,T,,,,,,,0.0,0.126371
44059,swine,37281,HA,1041,A,G,,,,,,,0.0,0.12657
44063,swine,37281,HA,1241,A,G,,,,,,,0.0,0.077151
44067,swine,37281,HA,1492,A,G,,,,,,,0.0,0.119638
44068,swine,37281,HA,1622,T,A,,,,,,,0.0,0.085343
44071,swine,37281,MP,291,T,C,,,,,,,0.110289,0.053525
44078,swine,37281,NA,165,A,T,,,,,,,0.0,0.037788
44080,swine,37281,NA,205,A,G,,,,,,,0.039116,0.0
44087,swine,37281,NA,909,A,G,,,,,,,0.0,0.035612
44091,swine,37281,NA,1011,C,A,,,,,,,0.0,0.030036
44097,swine,37281,NA,1288,A,G,,,,,,,0.03076,0.0
44103,swine,37281,NP,221,G,A,,,,,,,0.035934,0.0
44104,swine,37281,NP,323,T,C,,,,,,,0.036275,0.0
44109,swine,37281,NP,671,A,G,,,,,,,0.0,0.04349
44112,swine,37281,NP,790,C,T,,,,,,,0.07559,0.0
44113,swine,37281,NP,1023,A,G,,,,,,,0.0,0.136718
44117,swine,37281,NP,1244,A,G,,,,,,,0.036059,0.0
44120,swine,37281,NS,36,C,T,,,,,,,0.0,0.135933
44135,swine,37281,PA,189,A,G,,,,,,,0.0,0.032788
44142,swine,37281,PA,1238,A,G,,,,,,,0.067937,0.0
44146,swine,37281,PA,1585,G,A,,,,,,,0.036213,0.0
44150,swine,37281,PA,1957,C,A,,,,,,,0.0,0.060192
44153,swine,37281,PB1,190,C,T,,,,,,,0.055961,0.0
44154,swine,37281,PB1,501,A,G,,,,,,,0.143139,0.068282
44157,swine,37281,PB1,675,T,G,,,,,,,0.077244,0.0
44163,swine,37281,PB1,1370,A,G,,,,,,,0.0,0.031772
44166,swine,37281,PB1,1491,T,C,,,,,,,0.138648,0.052906
44174,swine,37281,PB1,1997,G,A,,,,,,,0.0,0.038845
44177,swine,37281,PB1,2098,T,C,,,,,,,0.0,0.039876
44183,swine,37281,PB2,438,C,A,,,,,,,0.131162,0.0
44187,swine,37281,PB2,522,A,G,,,,,,,0.049722,0.0
44200,swine,37281,PB2,1584,C,T,,,,,,,0.050299,0.0
44221,swine,37284,HA,1634,C,T,,,,,,,0.050879,0.0
44277,swine,37284,PA,546,G,T,,,,,,,0.037246,0.0
44280,swine,37284,PA,788,C,A,,,,,,,0.050016,0.0
44285,swine,37284,PA,1230,G,A,,,,,,,0.035135,0.0
44293,swine,37284,PA,1587,C,T,,,,,,,0.045043,0.0
44305,swine,37284,PB1,681,G,A,,,,,,,0.049399,0.0
44314,swine,37284,PB1,1370,A,G,,,,,,,0.0,0.161663
44317,swine,37284,PB1,1390,G,A,,,,,,,0.054452,0.0
44330,swine,37284,PB2,551,C,A,,,,,,,0.0,0.062281
44345,swine,37285,HA,171,G,A,,,,,,,0.0,0.285942
44348,swine,37285,HA,356,C,T,,,,,,,0.035239,0.0
44349,swine,37285,HA,508,T,C,,,,,,,0.0,0.050029
44350,swine,37285,HA,610,G,A,,,,,,,0.163561,0.212042
44382,swine,37285,MP,793,C,T,,,,,,,0.162217,0.220275
44383,swine,37285,MP,826,T,C,,,,,,,0.179945,0.0
44385,swine,37285,NA,64,T,C,,,,,,,0.0,0.321937
44393,swine,37285,NA,736,G,T,,,,,,,0.0,0.185664
44411,swine,37285,NP,791,T,C,,,,,,,0.0,0.031664
44414,swine,37285,NP,919,C,A,,,,,,,0.0,0.037232
44438,swine,37285,PA,356,A,G,,,,,,,0.030877,0.0
44441,swine,37285,PA,788,C,A,,,,,,,0.0,0.068669
44442,swine,37285,PA,812,C,T,,,,,,,0.0,0.068441
44447,swine,37285,PA,1317,A,G,,,,,,,0.0,0.061976
44450,swine,37285,PA,1523,G,A,,,,,,,0.0,0.065135
44459,swine,37285,PA,2060,A,G,,,,,,,0.0,0.036395
44462,swine,37285,PB1,786,T,C,,,,,,,0.0,0.087899
44466,swine,37285,PB1,1022,C,T,,,,,,,0.045695,0.0
44471,swine,37285,PB1,1370,A,G,,,,,,,0.082395,0.055784
44475,swine,37285,PB1,1794,A,G,,,,,,,0.0,0.043947
44479,swine,37285,PB1,1958,A,G,,,,,,,0.0,0.043173
44493,swine,37285,PB2,1188,G,A,,,,,,,0.244,0.241598
44500,swine,37285,PB2,1728,A,G,,,,,,,0.0,0.042415
44507,swine,37301,HA,320,G,T,,,,,,0.0,,0.079234
44509,swine,37301,HA,432,C,A,,,,,,0.0,,0.059371
44510,swine,37301,HA,777,C,T,,,,,,0.0,,0.260098
44522,swine,37301,MP,637,G,A,,,,,,0.064857,,0.0
44526,swine,37301,NA,420,G,A,,,,,,0.170073,,0.0
44532,swine,37301,NA,1233,A,G,,,,,,0.0,,0.039667
44535,swine,37301,NP,192,G,A,,,,,,0.0,,0.03352
44541,swine,37301,NP,1434,C,T,,,,,,0.0,,0.032805
44553,swine,37301,PA,1059,G,A,,,,,,0.0,,0.044258
44554,swine,37301,PA,1138,G,A,,,,,,0.034907,,0.0
44555,swine,37301,PA,1305,T,C,,,,,,0.0,,0.085434
44557,swine,37301,PA,1582,A,G,,,,,,0.140653,,0.0
44562,swine,37301,PB1,1229,G,A,,,,,,0.0,,0.078661
44563,swine,37301,PB1,1333,G,A,,,,,,0.0,,0.335916
44566,swine,37301,PB1,1857,T,C,,,,,,0.0,,0.051724
44572,swine,37301,PB2,867,T,A,,,,,,0.0,,0.052197
44576,swine,37301,PB2,1329,A,G,,,,,,0.0,,0.153566
44578,swine,37301,PB2,1754,C,T,,,,,,0.0,,0.045926
44581,swine,37301,PB2,1992,G,A,,,,,,0.0,,0.070819
44582,swine,37301,PB2,2219,A,G,,,,,,0.0,,0.043996
44590,swine,37302,HA,1052,T,A,,,,,,,0.036816,0.0
44591,swine,37302,HA,1053,C,A,,,,,,,0.037152,0.0
44593,swine,37302,HA,1639,C,T,,,,,,,0.0,0.03085
44614,swine,37302,NA,434,C,T,,,,,,,0.0,0.04881
44621,swine,37302,NA,964,G,A,,,,,,,0.0,0.10305
44622,swine,37302,NA,978,C,A,,,,,,,0.0,0.037868
44633,swine,37302,NP,1257,T,C,,,,,,,0.0,0.041909
44647,swine,37302,PA,666,C,A,,,,,,,0.063176,0.0
44653,swine,37302,PA,1865,G,A,,,,,,,0.033739,0.0
44655,swine,37302,PB1,196,C,T,,,,,,,0.0,0.046438
44658,swine,37302,PB1,593,A,G,,,,,,,0.045019,0.0
44665,swine,37302,PB1,2023,C,T,,,,,,,0.094827,0.0
44667,swine,37302,PB1,2128,G,A,,,,,,,0.0,0.139645
44668,swine,37302,PB2,186,A,G,,,,,,,0.040473,0.0
44671,swine,37302,PB2,661,G,C,,,,,,,0.036007,0.0
44678,swine,37302,PB2,1278,A,G,,,,,,,0.185709,0.998175
44679,swine,37302,PB2,1522,C,T,,,,,,,0.042018,0.0
44687,swine,37302,PB2,2073,G,A,,,,,,,0.043424,0.0
44705,swine,37310,MP,208,A,G,,,,,,,0.0,0.103397
44720,swine,37310,NA,113,A,G,,,,,,,0.0,0.44444
44739,swine,37310,NA,1222,G,A,,,,,,,0.0,0.032848
44762,swine,37310,NP,424,A,G,,,,,,,0.0,0.033974
44840,swine,37310,NP,1435,T,G,,,,,,,0.0,0.03532
44889,swine,37310,PA,1018,C,T,,,,,,,0.0,0.235931
44941,swine,37310,PB1,333,A,G,,,,,,,0.0,0.193548
44942,swine,37310,PB1,339,C,T,,,,,,,0.0,0.16129
44943,swine,37310,PB1,342,C,T,,,,,,,0.0,0.137931
44944,swine,37310,PB1,369,C,T,,,,,,,0.0,0.103448
44953,swine,37310,PB1,1317,C,T,,,,,,,0.0,0.411765
44954,swine,37310,PB1,1335,C,T,,,,,,,0.0,0.333333
44955,swine,37310,PB1,1338,T,C,,,,,,,0.0,0.384615
44956,swine,37310,PB1,1351,G,A,,,,,,,0.0,0.384615
44957,swine,37310,PB1,1356,C,T,,,,,,,0.0,0.5
44958,swine,37310,PB1,1370,A,G,,,,,,,0.046339,0.0
44963,swine,37310,PB1,2256,A,C,,,,,,,0.0,0.153182
44973,swine,37310,PB2,611,C,A,,,,,,,0.0,0.380475
44981,swine,37310,PB2,1305,G,T,,,,,,,0.0,0.378174
44991,swine,37317,HA,435,G,A,,,,,0.0,,,0.394809
44996,swine,37317,MP,342,G,A,,,,,0.0,,,0.063813
45003,swine,37317,NA,1395,T,C,,,,,0.0,,,0.412121
45011,swine,37317,PB1,1370,A,G,,,,,0.084076,,,0.08024
45015,swine,37317,PB2,390,C,T,,,,,0.0,,,0.138363
45024,swine,37318,HA,435,G,A,,,,,,,0.166871,0.0
45038,swine,37318,NA,1395,T,C,,,,,,,0.159892,0.043417
45045,swine,37318,PA,1422,T,C,,,,,,,0.0,0.183931
45051,swine,37318,PB1,1370,A,G,,,,,,,0.035268,0.045769
45058,swine,37318,PB2,1173,C,T,,,,,,,0.0,0.374635
45065,swine,37319,HA,435,G,A,,,,,,,0.228473,0.147855
45077,swine,37319,HA,1402,A,G,,,,,,,0.0,0.054268
45083,swine,37319,NA,1395,T,C,,,,,,,0.237616,0.251745
45085,swine,37319,NP,300,G,A,,,,,,,0.140658,0.0
45089,swine,37319,NP,1101,A,G,,,,,,,0.06214,0.184337
45110,swine,37319,PB1,1370,A,G,,,,,,,0.038484,0.110631
45114,swine,37319,PB1,2052,G,A,,,,,,,0.030055,0.0
45115,swine,37319,PB1,2065,T,C,,,,,,,0.0,0.050152
45117,swine,37319,PB2,276,A,G,,,,,,,0.050094,0.0
45118,swine,37319,PB2,390,C,T,,,,,,,0.0,0.092655
45122,swine,37319,PB2,1905,A,T,,,,,,,0.086668,0.0
45127,swine,37330,HA,1027,C,T,,,,,0.103867,,,0.0
45131,swine,37330,HA,1211,C,T,,,,,0.034286,,,0.0
45160,swine,37330,NA,736,G,T,,,,,0.339341,,,0.165866
45163,swine,37330,NA,846,T,C,,,,,0.0,,,0.086514
45169,swine,37330,NA,1130,T,C,,,,,0.044444,,,0.0
45170,swine,37330,NA,1202,G,T,,,,,0.050005,,,0.0
45209,swine,37330,PA,1932,T,G,,,,,0.0,,,0.037115
45215,swine,37330,PB1,893,T,C,,,,,0.036705,,,0.0
45217,swine,37330,PB1,963,G,A,,,,,0.051683,,,0.0
45218,swine,37330,PB1,975,C,T,,,,,0.055695,,,0.0
45219,swine,37330,PB1,1370,A,G,,,,,0.068565,,,0.056584
45223,swine,37330,PB1,1468,T,C,,,,,0.030871,,,0.0
45224,swine,37330,PB1,1500,G,A,,,,,0.0,,,0.031981
45227,swine,37330,PB1,1693,G,A,,,,,0.0,,,0.036192
45228,swine,37330,PB1,1726,C,T,,,,,0.048311,,,0.0
45232,swine,37330,PB1,2121,A,G,,,,,0.0,,,0.107336
45239,swine,37330,PB2,1188,A,G,,,,,0.0,,,0.118259
45251,swine,37331,HA,256,A,C,,,,,,,0.436627,0.382759
45254,swine,37331,HA,365,C,T,,,,,,,0.0,0.205667
45257,swine,37331,HA,968,A,G,,,,,,,0.456779,0.925854
45260,swine,37331,HA,1257,A,G,,,,,,,0.105935,0.0
45264,swine,37331,HA,1551,G,A,,,,,,,0.0,0.196502
45280,swine,37331,NA,270,T,C,,,,,,,0.0,0.052399
45282,swine,37331,NA,308,A,G,,,,,,,0.0,0.04253
45287,swine,37331,NA,736,G,T,,,,,,,0.233141,0.255348
45293,swine,37331,NA,1277,T,C,,,,,,,0.124296,0.0
45303,swine,37331,NP,1076,C,T,,,,,,,0.0,0.057527
45317,swine,37331,PA,321,G,A,,,,,,,0.272727,0.0
45318,swine,37331,PA,394,C,T,,,,,,,0.178571,0.0
45319,swine,37331,PA,438,T,C,,,,,,,0.206897,0.0
45320,swine,37331,PA,447,A,G,,,,,,,0.214286,0.0
45321,swine,37331,PA,452,C,A,,,,,,,0.230769,0.0
45322,swine,37331,PA,492,C,T,,,,,,,0.233333,0.0
45324,swine,37331,PA,516,G,A,,,,,,,0.185185,0.0
45325,swine,37331,PA,525,C,A,,,,,,,0.26087,0.0
45327,swine,37331,PA,627,G,A,,,,,,,0.210526,0.0
45328,swine,37331,PA,705,A,G,,,,,,,0.3,0.0
45329,swine,37331,PA,717,C,T,,,,,,,0.3,0.0
45330,swine,37331,PA,788,C,G,,,,,,,0.0,0.306246
45333,swine,37331,PA,1251,A,G,,,,,,,0.1875,0.0
45334,swine,37331,PA,1287,A,T,,,,,,,0.2,0.0
45335,swine,37331,PA,1299,C,A,,,,,,,0.230769,0.0
45336,swine,37331,PA,1386,A,G,,,,,,,0.0,0.528029
45338,swine,37331,PA,1536,A,G,,,,,,,0.214286,0.0
45339,swine,37331,PA,1593,G,A,,,,,,,0.294118,0.0
45340,swine,37331,PA,1659,A,G,,,,,,,0.238095,0.0
45341,swine,37331,PA,1662,A,T,,,,,,,0.238095,0.0
45342,swine,37331,PA,1674,G,A,,,,,,,0.176471,0.0
45343,swine,37331,PA,1680,C,A,,,,,,,0.176471,0.0
45345,swine,37331,PA,1791,A,G,,,,,,,0.214286,0.0
45346,swine,37331,PA,1848,G,A,,,,,,,0.212121,0.0
45347,swine,37331,PA,1860,A,C,,,,,,,0.264706,0.0
45348,swine,37331,PA,1896,C,T,,,,,,,0.206897,0.0
45349,swine,37331,PA,1902,G,A,,,,,,,0.1875,0.0
45350,swine,37331,PA,1917,C,T,,,,,,,0.2,0.0
45351,swine,37331,PA,1947,A,G,,,,,,,0.0,0.095111
45355,swine,37331,PB1,480,A,G,,,,,,,0.041717,0.0
45358,swine,37331,PB1,591,G,A,,,,,,,0.0,0.077691
45359,swine,37331,PB1,790,G,A,,,,,,,0.0,0.031923
45364,swine,37331,PB1,1370,A,G,,,,,,,0.0,0.059504
45375,swine,37331,PB2,172,A,G,,,,,,,0.0,0.059199
45376,swine,37331,PB2,287,T,C,,,,,,,0.0,0.035722
45386,swine,37331,PB2,2035,C,T,,,,,,,0.0,0.059199
45387,swine,37331,PB2,2093,G,A,,,,,,,0.0,0.053207
45397,swine,37334,HA,1163,C,T,,,,,,,0.0,0.138858
45399,swine,37334,HA,1434,G,A,,,,,,,0.0,0.066172
45407,swine,37334,NA,154,C,A,,,,,,,0.0,0.033316
45410,swine,37334,NA,501,T,C,,,,,,,0.0,0.035493
45417,swine,37334,NA,1206,C,T,,,,,,,0.0,0.041577
45418,swine,37334,NA,1245,A,C,,,,,,,0.0,0.039707
45420,swine,37334,NA,1347,C,T,,,,,,,0.0,0.032463
45421,swine,37334,NP,159,G,A,,,,,,,0.0,0.055355
45423,swine,37334,NP,282,A,G,,,,,,,0.455647,0.046346
45425,swine,37334,NP,546,G,A,,,,,,,0.083793,0.035845
45430,swine,37334,NS,57,C,A,,,,,,,0.0,0.225042
45444,swine,37334,PA,2083,A,G,,,,,,,0.0,0.047912
45448,swine,37334,PB1,1370,A,G,,,,,,,0.035316,0.059877
45451,swine,37334,PB1,1451,T,C,,,,,,,0.0,0.030297
45453,swine,37334,PB1,1764,G,A,,,,,,,0.459277,0.080766
45457,swine,37334,PB2,178,G,A,,,,,,,0.0,0.030277
45459,swine,37334,PB2,240,A,G,,,,,,,0.046282,0.0
45460,swine,37334,PB2,317,C,T,,,,,,,0.0,0.031728
45464,swine,37334,PB2,1023,A,T,,,,,,,0.221821,0.098939
45466,swine,37334,PB2,1500,A,G,,,,,,,0.0,0.047826
45482,swine,37337,MP,622,C,A,,,,,,,0.0,0.037856
45485,swine,37337,MP,917,C,A,,,,,,,0.0,0.051336
45500,swine,37337,NA,1186,G,A,,,,,,,0.0,0.049308
45507,swine,37337,NP,742,C,A,,,,,,,0.0,0.087415
45516,swine,37337,NS,577,C,A,,,,,,,0.0,0.113544
45519,swine,37337,NS,668,C,A,,,,,,,0.0,0.035996
45520,swine,37337,PA,225,A,G,,,,,,,0.344844,0.945273
45521,swine,37337,PA,239,A,G,,,,,,,0.0,0.116381
45522,swine,37337,PA,555,G,A,,,,,,,0.0,0.083354
45524,swine,37337,PA,736,C,A,,,,,,,0.0,0.145021
45528,swine,37337,PA,1786,A,T,,,,,,,0.0,0.054176
45529,swine,37337,PA,1866,A,C,,,,,,,0.265994,0.0
45533,swine,37337,PB1,1074,G,A,,,,,,,0.0,0.058709
45536,swine,37337,PB1,1365,T,C,,,,,,,0.0,0.052983
45537,swine,37337,PB1,1370,A,G,,,,,,,0.049541,0.0
45539,swine,37337,PB1,2062,A,C,,,,,,,0.0,0.289326
45540,swine,37337,PB1,2063,T,C,,,,,,,0.0,0.293884
45541,swine,37337,PB1,2064,G,A,,,,,,,0.0,0.287732
45552,swine,37337,PB2,1571,C,A,,,,,,,0.0,0.210669
45553,swine,37337,PB2,1579,T,C,,,,,,,0.0,0.185532
45554,swine,37337,PB2,1917,T,C,,,,,,,0.0,0.042792
45580,swine,37340,NA,179,G,A,,,,,,,0.0,0.24999
45616,swine,37340,PB1,1370,A,G,,,,,,,0.0,0.070204
45629,swine,37340,PB2,216,A,G,,,,,,,0.119522,0.0
45638,swine,37340,PB2,1188,A,G,,,,,,,0.482769,0.911162
45660,swine,37341,NA,560,A,G,,,,,,,0.041851,0.0
45672,swine,37341,NP,563,C,A,,,,,,,0.039663,0.0
45677,swine,37341,NP,848,T,C,,,,,,,0.038124,0.0
45680,swine,37341,NP,1230,T,C,,,,,,,0.032612,0.0
45681,swine,37341,NP,1479,A,G,,,,,,,0.068612,0.0
45689,swine,37341,PA,537,A,C,,,,,,,0.119429,0.0
45695,swine,37341,PA,1345,G,A,,,,,,,0.050044,0.0
45696,swine,37341,PA,1710,C,T,,,,,,,0.0,0.123221
45702,swine,37341,PB1,1370,A,G,,,,,,,0.0,0.062881
45726,swine,37355,HA,990,G,T,,,,0.0,,,0.033774,
45730,swine,37355,HA,1216,G,A,,,,0.035912,,,0.0,
45747,swine,37355,MP,973,G,A,,,,0.074902,,,0.0,
45757,swine,37355,NA,727,G,A,,,,0.034016,,,0.0,
45760,swine,37355,NA,960,A,G,,,,0.050118,,,0.0,
45776,swine,37355,NP,1463,T,C,,,,0.04425,,,0.0,
45790,swine,37355,PA,564,G,A,,,,0.030475,,,0.0,
45792,swine,37355,PA,709,G,A,,,,0.0,,,0.037848,
45801,swine,37355,PA,1499,T,C,,,,0.035908,,,0.0,
45805,swine,37355,PA,2115,T,C,,,,0.077591,,,0.0,
45811,swine,37355,PB1,799,G,A,,,,0.156777,,,0.0,
45816,swine,37355,PB1,1182,C,A,,,,0.112269,,,0.0,
45819,swine,37355,PB1,1370,A,G,,,,0.0,,,0.088325,
45846,swine,37355,PB2,1297,C,A,,,,0.072317,,,0.0,
45900,swine,37356,PB1,1370,A,G,,,,,,0.043185,,0.057442
45908,swine,37356,PB2,1056,G,T,,,,,,0.032966,,0.0
45917,swine,37364,HA,256,C,A,,,,0.0,,,0.160094,
45921,swine,37364,HA,809,C,T,,,,0.0,,,0.056587,
45925,swine,37364,HA,1269,G,A,,,,0.0,,,0.058356,
45927,swine,37364,HA,1591,A,G,,,,0.0,,,0.055739,
45928,swine,37364,MP,270,A,G,,,,0.146472,,,0.0,
45933,swine,37364,MP,492,A,G,,,,0.164653,,,0.0,
45934,swine,37364,MP,528,G,A,,,,0.158072,,,0.0,
45938,swine,37364,MP,679,A,G,,,,0.153186,,,0.0,
45942,swine,37364,MP,711,A,G,,,,0.156093,,,0.0,
45944,swine,37364,MP,768,C,T,,,,0.1549,,,0.0,
45946,swine,37364,MP,889,G,A,,,,0.151589,,,0.0,
45947,swine,37364,NA,154,C,T,,,,0.064841,,,0.0,
45956,swine,37364,NA,502,C,T,,,,0.04412,,,0.0,
45958,swine,37364,NA,736,T,G,,,,0.139958,,,0.268729,
45966,swine,37364,NA,1137,C,T,,,,0.038162,,,0.0,
45969,swine,37364,NA,1262,G,A,,,,0.041307,,,0.0,
45986,swine,37364,NP,1325,C,A,,,,0.100683,,,0.0,
45992,swine,37364,NS,341,C,T,,,,0.035017,,,0.0,
46004,swine,37364,PA,441,T,G,,,,0.064302,,,0.0,
46010,swine,37364,PB1,159,G,A,,,,0.0,,,0.054846,
46013,swine,37364,PB1,534,A,G,,,,0.090284,,,0.0,
46014,swine,37364,PB1,537,A,G,,,,0.0,,,0.046568,
46018,swine,37364,PB1,760,T,C,,,,0.0,,,0.04939,
46019,swine,37364,PB1,939,A,G,,,,0.0,,,0.051183,
46024,swine,37364,PB1,1370,A,G,,,,0.104314,,,0.094078,
46026,swine,37364,PB1,1376,T,G,,,,0.033354,,,0.0,
46027,swine,37364,PB1,1378,C,A,,,,0.040969,,,0.0,
46037,swine,37364,PB2,285,C,A,,,,0.0,,,0.048832,
46038,swine,37364,PB2,506,C,T,,,,0.0,,,0.043111,
46039,swine,37364,PB2,599,C,T,,,,0.0,,,0.038815,
46040,swine,37364,PB2,814,G,A,,,,0.086099,,,0.0,
46044,swine,37364,PB2,1188,A,G,,,,0.227924,,,0.399105,
46045,swine,37364,PB2,1227,C,A,,,,0.222261,,,0.0,
46046,swine,37364,PB2,1278,G,A,,,,0.0,,,0.045821,
46047,swine,37364,PB2,1509,A,G,,,,0.038614,,,0.0,
46049,swine,37364,PB2,1697,A,G,,,,0.0,,,0.039355,
46050,swine,37364,PB2,1977,C,T,,,,0.0,,,0.050356,
