Individual ID,iSNV,DPS1,DPS2,DPS1 Frequency,DPS2 Frequency,Subset
50001,HA_A236G,0,6,0,0.006845,NA
50001,HA_C237A,0,6,0,0.005278,NA
50001,HA_C282T,0,6,0,0.005743,NA
50001,HA_T408C,0,6,0,0.006865,NA
50001,HA_A418G,0,6,0.001931,0.00814,NA
50001,HA_C438T,0,6,0,0.005326,NA
50001,HA_G564A,0,6,0,0.005021,NA
50001,HA_G647T,0,6,0,0.005441,NA
50001,HA_C675T,0,6,0,0.005031,NA
50001,HA_C704T,0,6,0,0.005769,NA
50001,HA_G731A,0,6,0,0.006497,NA
50001,HA_A924C,0,6,0,0.012565,NA
50001,HA_C1018G,0,6,0,0.005801,NA
50001,HA_G1081A,0,6,0,0.005949,NA
50001,HA_G1205A,0,6,0,0.005437,NA
50001,HA_G1262T,0,6,0,0.040917,NA
50001,HA_G1269A,0,6,0,0.005839,NA
50001,HA_G1291A,0,6,0,0.007831,NA
50001,HA_G1442A,0,6,0,0.007308,NA
50001,HA_G1468A,0,6,0,0.007399,NA
50001,MP_A281G,0,6,0.001645,0.005709,NA
50001,NA_C263A,0,6,0,0.005034,NA
50001,NA_C372A,0,6,0,0.005899,NA
50001,NA_A481G,0,6,0,0.006659,NA
50001,NA_G775A,0,6,0,0.005337,NA
50001,NA_T1026C,0,6,0,0.007037,NA
50001,NA_A1133G,0,6,0,0.005776,NA
50001,NP_A240G,0,6,0,0.005584,NA
50001,NP_A342G,0,6,0.001696,0.006594,NA
50001,NP_A593G,0,6,0.008748,0,NA
50001,NP_T820C,0,6,0,0.005657,NA
50001,NP_C906T,0,6,0.00836,0,NA
50001,NP_C916T,0,6,0,0.005075,NA
50001,NP_G987A,0,6,0,0.005401,NA
50001,NP_T1036C,0,6,0.001976,0.006263,NA
50001,NS_T437C,0,6,0,0.008661,NA
50001,NS_T447C,0,6,0.001816,0.005785,NA
50001,NS_G614A,0,6,0,0.010872,NA
50001,PA_G271A,0,6,0.09158,0,NA
50001,PA_A631T,0,6,0,0.006624,NA
50001,PA_G714A,0,6,0,0.007622,NA
50001,PA_T905C,0,6,0,0.005374,NA
50001,PA_T928C,0,6,0,0.008932,NA
50001,PA_T1061G,0,6,0,0.00513,NA
50001,PA_A1087C,0,6,0,0.008201,NA
50001,PA_G1172A,0,6,0,0.007427,NA
50001,PA_G1384T,0,6,0.005001,0,NA
50001,PA_T1388C,0,6,0,0.006684,NA
50001,PA_C1422T,0,6,0.007044,0.006231,NA
50001,PA_G1484C,0,6,0,0.006493,NA
50001,PA_G1632A,0,6,0,0.008565,NA
50001,PA_T1643C,0,6,0,0.005476,NA
50001,PA_G1663T,0,6,0.012423,0,NA
50001,PA_C1767T,0,6,0,0.010245,NA
50001,PA_A1773G,0,6,0,0.005835,NA
50001,PA_A1822G,0,6,0.001609,0.006917,NA
50001,PA_G1827A,0,6,0.007414,0.006599,NA
50001,PA_G1829A,0,6,0,0.005906,NA
50001,PA_G1879A,0,6,0,0.006691,NA
50001,PA_A1897G,0,6,0,0.0072,NA
50001,PB1_A367G,0,6,0,0.008822,NA
50001,PB1_G456A,0,6,0,0.011582,NA
50001,PB1_C479T,0,6,0,0.007321,NA
50001,PB1_A687G,0,6,0,0.012244,NA
50001,PB1_G749A,0,6,0,0.010702,NA
50001,PB1_T777C,0,6,0,0.007038,NA
50001,PB1_G779A,0,6,0,0.008663,NA
50001,PB1_C783T,0,6,0,0.00546,NA
50001,PB1_G951A,0,6,0,0.006834,NA
50001,PB1_G1168A,0,6,0,0.007832,NA
50001,PB1_A1374G,0,6,0.002619,0.005687,NA
50001,PB1_G1389A,0,6,0,0.005415,NA
50001,PB1_G1688A,0,6,0,0.009423,NA
50001,PB1_G1825A,0,6,0,0.0103,NA
50001,PB1_C1940T,0,6,0,0.005162,NA
50001,PB1_G2053A,0,6,0,0.015013,2
50001,PB2_G270A,0,6,0,0.006814,NA
50001,PB2_A339G,0,6,0,0.005056,NA
50001,PB2_C467T,0,6,0,0.007104,NA
50001,PB2_G581A,0,6,0.007324,0,NA
50001,PB2_A712G,0,6,0.005785,0,NA
50001,PB2_A758G,0,6,0.001346,0.011111,NA
50001,PB2_G792A,0,6,0,0.00543,NA
50001,PB2_G918A,0,6,0,0.009802,NA
50001,PB2_G1003A,0,6,0,0.008637,NA
50001,PB2_G1008A,0,6,0,0.008666,NA
50001,PB2_G1040A,0,6,0,0.009307,NA
50001,PB2_G1072A,0,6,0.096753,0,1
50001,PB2_G1122A,0,6,0,0.005185,NA
50001,PB2_C1279G,0,6,0,0.005072,NA
50001,PB2_T1334C,0,6,0,0.007909,NA
50001,PB2_C1647T,0,6,0,0.006143,NA
50001,PB2_A1700G,0,6,0,0.010483,NA
50001,PB2_A1812G,0,6,0.001863,0.005682,NA
50001,PB2_T1836C,0,6,0,0.009489,NA
50001,PB2_A1941G,0,6,0,0.006358,NA
50001,PB2_G2011A,0,6,0,0.008283,NA
50003,HA_T279C,0,6,0,0.006805,NA
50003,HA_A373G,0,6,0,0.008227,NA
50003,HA_C531T,0,6,0,0.005086,NA
50003,HA_G646A,0,6,0,0.006705,NA
50003,HA_A687G,0,6,0,0.005732,NA
50003,HA_A841G,0,6,0.001632,0.013304,NA
50003,HA_T848C,0,6,0,0.007874,NA
50003,HA_A1079G,0,6,0.00217,0.005211,NA
50003,HA_A1357C,0,6,0.009672,0,1
50003,NA_T330A,0,6,0,0.005684,NA
50003,NA_T535C,0,6,0.001552,0.005186,NA
50003,NA_A604G,0,6,0,0.006707,NA
50003,NA_A752G,0,6,0,0.008539,NA
50003,NA_A821G,0,6,0,0.008109,NA
50003,NA_C894A,0,6,0,0.007522,NA
50003,NA_T952C,0,6,0,0.005246,NA
50003,NA_A1029G,0,6,0,0.006853,NA
50003,NA_G1047A,0,6,0,0.005194,NA
50003,NA_C1157T,0,6,0,0.006531,NA
50003,NA_T1158C,0,6,0,0.007834,NA
50003,NA_G1161A,0,6,0,0.006785,NA
50003,NP_C254G,0,6,0,0.00609,NA
50003,NP_C283A,0,6,0,0.005789,NA
50003,NP_C284G,0,6,0,0.005814,NA
50003,NP_T287A,0,6,0,0.006515,NA
50003,NP_T289A,0,6,0,0.006485,NA
50003,NP_A290G,0,6,0,0.008156,NA
50003,NP_G457A,0,6,0,0.006937,NA
50003,NP_T519C,0,6,0,0.005353,NA
50003,NP_T1036C,0,6,0.002552,0.005243,NA
50003,NP_G1065A,0,6,0,0.005438,NA
50003,NP_A1164G,0,6,0,0.00775,NA
50003,NP_A1189G,0,6,0,0.005802,NA
50003,NP_T1236C,0,6,0,0.014577,NA
50003,NS_A210G,0,6,0,0.010897,NA
50003,NS_T314C,0,6,0,0.006524,NA
50003,NS_A316G,0,6,0,0.005556,NA
50003,NS_G433A,0,6,0,0.009376,NA
50003,NS_A552G,0,6,0,0.0257,NA
50003,PA_G298A,0,6,0,0.008919,NA
50003,PA_A310G,0,6,0,0.00936,NA
50003,PA_A378G,0,6,0.001646,0.006277,NA
50003,PA_A1200G,0,6,0,0.125037,NA
50003,PA_T1204C,0,6,0.003405,0.007073,NA
50003,PA_A1225G,0,6,0,0.011908,NA
50003,PA_G1350A,0,6,0,0.019108,NA
50003,PA_G1466A,0,6,0,0.005686,NA
50003,PA_A1647G,0,6,0,0.007481,NA
50003,PA_A1822G,0,6,0.001906,0.008132,NA
50003,PA_G1827A,0,6,0.002265,0.121254,NA
50003,PA_T1894C,0,6,0,0.013067,NA
50003,PA_T1898A,0,6,0,0.026961,NA
50003,PB1_A269G,0,6,0,0.011439,NA
50003,PB1_A351G,0,6,0,0.008725,NA
50003,PB1_G358A,0,6,0,0.012054,2
50003,PB1_G374A,0,6,0,0.007823,NA
50003,PB1_A715G,0,6,0,0.006257,NA
50003,PB1_C1117G,0,6,0,0.015054,NA
50003,PB1_C1151A,0,6,0,0.008132,NA
50003,PB1_T1223C,0,6,0,0.006668,NA
50003,PB1_T1397C,0,6,0,0.00919,NA
50003,PB1_A1578G,0,6,0,0.010255,NA
50003,PB1_G1725A,0,6,0,0.006619,NA
50003,PB1_T1802C,0,6,0,0.008346,NA
50003,PB1_C1803T,0,6,0,0.017658,NA
50003,PB1_A1824G,0,6,0,0.005449,NA
50003,PB1_G1836A,0,6,0,0.04332,NA
50003,PB2_T287C,0,6,0,0.005408,NA
50003,PB2_A336C,0,6,0,0.010611,NA
50003,PB2_T374G,0,6,0,0.006048,NA
50003,PB2_G433A,0,6,0,0.006816,NA
50003,PB2_G454A,0,6,0,0.005572,NA
50003,PB2_A915G,0,6,0,0.005239,NA
50003,PB2_A948G,0,6,0,0.007966,NA
50003,PB2_A970G,0,6,0,0.008067,NA
50003,PB2_G1075A,0,6,0,0.007955,NA
50003,PB2_A1169G,0,6,0,0.005587,NA
50003,PB2_A1250G,0,6,0.001557,0.009074,NA
50003,PB2_G1438A,0,6,0,0.009056,NA
50003,PB2_T1626A,0,6,0,0.005152,NA
50003,PB2_T1943C,0,6,0,0.008053,NA
50003,PB2_A1954C,0,6,0,0.006191,NA
50003,PB2_T1994C,0,6,0,0.006284,NA
50003,PB2_T2071C,0,6,0,0.009115,NA
50006,HA_T1092C,0,1,0,0.006704,2
50006,MP_G409A,0,1,0,0.007293,NA
50006,NA_A1174G,0,1,0,0.011178,NA
50006,NS_C429A,0,1,0.004331,0.005592,NA
50006,PB2_G1381A,0,1,0.015931,0.010528,1
50141,HA_C207A,1,2,0.02341,0.003021,NA
50141,HA_G535A,1,2,0,0.031687,NA
50141,HA_A982G,1,2,0.024175,0.003213,1
50141,HA_G996A,1,2,0.020366,0.024453,NA
50141,NS_A404G,1,2,0.007302,0,NA
50141,NS_A626G,1,2,0.021541,0.007928,NA
50141,PA_A246G,1,2,0,0.009172,NA
50141,PA_A363G,1,2,0,0.005409,NA
50141,PA_G1785A,1,2,0.003892,0.008409,2
50141,PB1_C2013T,1,2,0.018593,0.006901,NA
50141,PB2_C855T,1,2,0.007388,0.008078,NA
50141,PB2_A955G,1,2,0.013279,0.018597,NA
50141,PB2_C2070A,1,2,0.005057,0,NA
50143,HA_A768G,1,2,0,0.005371,NA
50143,HA_T968G,1,2,0.118747,0.159688,1
50143,MP_G218T,1,2,0,0.005175,NA
50143,MP_G230T,1,2,0,0.005198,NA
50143,MP_A704G,1,2,0.004858,0.005945,NA
50143,NP_G1107A,1,2,0,0.005375,NA
50143,NP_C1256A,1,2,0,0.005042,NA
50143,NS_A355G,1,2,0,0.012407,NA
50143,PA_C561T,1,2,0,0.005284,NA
50143,PA_C766A,1,2,0,0.005837,NA
50143,PA_T803C,1,2,0,0.016687,NA
50143,PA_G895A,1,2,0.045579,0.037244,NA
50143,PB1_G618A,1,2,0,0.006173,NA
50143,PB1_A826G,1,2,0,0.006397,NA
50143,PB1_G1029A,1,2,0,0.006768,NA
50143,PB1_C1347T,1,2,0,0.013049,NA
50143,PB1_G1593A,1,2,0,0.005301,NA
50143,PB1_T1986C,1,2,0.003728,0.006002,NA
50143,PB2_G204T,1,2,0,0.005013,NA
50143,PB2_G205T,1,2,0,0.005276,NA
50143,PB2_A338G,1,2,0.009362,0.003455,NA
50143,PB2_G748A,1,2,0,0.007592,2
50143,PB2_C870A,1,2,0,0.007478,NA
50143,PB2_C981T,1,2,0,0.005434,NA
50143,PB2_G1058A,1,2,0.035753,0.058976,NA
50143,PB2_C1112A,1,2,0,0.00776,NA
50167,HA_T462C,1,4,0.28996,0.004924,1
50167,HA_G882A,1,4,0.005898,0,NA
50167,HA_C1476A,1,4,0.00613,0.004555,NA
50167,HA_C1487A,1,4,0.004185,0.005681,NA
50167,MP_G202T,1,4,0.004948,0.005024,NA
50167,MP_G204T,1,4,0.006292,0.004872,NA
50167,MP_G230T,1,4,0.005518,0,NA
50167,MP_G233T,1,4,0.006469,0,NA
50167,MP_C774A,1,4,0.006582,0.004369,NA
50167,NA_G337A,1,4,0.006073,0,NA
50167,NA_A412G,1,4,0.005041,0.001721,NA
50167,NA_C870T,1,4,0.007593,0,NA
50167,NA_C1098A,1,4,0.006981,0,NA
50167,NA_C1106A,1,4,0.005434,0,NA
50167,NA_G1138A,1,4,0.006469,0,NA
50167,NA_C1157A,1,4,0.006556,0.0054,NA
50167,NA_T1162C,1,4,0.0051,0,NA
50167,NA_C1188A,1,4,0.005237,0.00375,NA
50167,NP_A1193G,1,4,0,0.007639,NA
50167,NP_C1238A,1,4,0.006185,0,NA
50167,NP_C1255A,1,4,0.005232,0.004559,NA
50167,NP_C1256A,1,4,0.006623,0.004799,NA
50167,NP_C1287A,1,4,0.005901,0.003647,NA
50167,NS_G201T,1,4,0,0.005068,NA
50167,NS_G211T,1,4,0.006044,0.005103,NA
50167,NS_G214T,1,4,0.005884,0.004364,NA
50167,NS_A271G,1,4,0.007202,0,NA
50167,NS_A349G,1,4,0.006963,0,NA
50167,NS_T414C,1,4,0,0.005608,NA
50167,NS_T636C,1,4,0,0.005117,NA
50167,PA_A584G,1,4,0.005565,0,NA
50167,PA_C640A,1,4,0.005576,0,NA
50167,PA_C645A,1,4,0.005306,0,NA
50167,PA_T748C,1,4,0.005378,0.001789,NA
50167,PA_T1530C,1,4,0,0.02464,NA
50167,PA_G1561A,1,4,0.020805,0,NA
50167,PA_A1653G,1,4,0,0.01337,NA
50167,PA_A1786G,1,4,0,0.007497,NA
50167,PB1_G510A,1,4,0,0.006201,NA
50167,PB1_T614A,1,4,0,0.005233,NA
50167,PB1_G632A,1,4,0.005556,0,NA
50167,PB1_C915T,1,4,0.013695,0,NA
50167,PB1_C999A,1,4,0.006293,0,NA
50167,PB1_A1113G,1,4,0,0.008132,NA
50167,PB1_G1612A,1,4,0.005132,0,NA
50167,PB1_A1841G,1,4,0.006175,0.002919,NA
50167,PB1_C1955A,1,4,0.007904,0,NA
50167,PB1_C1995T,1,4,0,0.009878,NA
50167,PB1_C2003A,1,4,0.00624,0,NA
50167,PB1_C2047A,1,4,0.005486,0.004122,NA
50167,PB1_C2067A,1,4,0.005316,0.004224,NA
50167,PB2_G204T,1,4,0.004658,0.005164,NA
50167,PB2_G205T,1,4,0.004612,0.005181,NA
50167,PB2_G209T,1,4,0.00504,0.005193,NA
50167,PB2_G342A,1,4,0.005704,0,NA
50167,PB2_C870A,1,4,0.006123,0.004013,NA
50167,PB2_A1016G,1,4,0.005266,0,NA
50167,PB2_A1105G,1,4,0,0.00538,2
50167,PB2_C1498A,1,4,0,0.015517,NA
50167,PB2_C1997T,1,4,0,0.005528,NA
50167,PB2_C2015A,1,4,0.005075,0.003394,NA
50167,PB2_C2016A,1,4,0.005473,0.003563,NA
50167,PB2_C2035A,1,4,0.005166,0.002902,NA
50167,PB2_C2064A,1,4,0.003972,0.005016,NA
50167,PB2_C2066A,1,4,0.006949,0.004085,NA
50167,PB2_C2070A,1,4,0.008279,0.008048,NA
50207,HA_G544A,0,1,0.010943,0.015365,NA
50207,NP_G450A,0,1,0.012213,0,NA
50207,PA_C868T,0,1,0.015493,0,NA
50207,PA_G1154A,0,1,0.002239,0.022712,2
50207,PA_A1644G,0,1,0.014091,0,NA
50207,PB1_A1047C,0,1,0.011034,0,NA
50207,PB1_C1092T,0,1,0.007972,0.040207,NA
50207,PB1_C1197T,0,1,0.00347,0.022182,NA
50207,PB1_C1596T,0,1,0.010302,0,NA
50207,PB1_G2009A,0,1,0.011182,0,NA
50207,PB2_T558C,0,1,0.004976,0.01594,NA
50207,PB2_A560G,0,1,0.005247,0.028818,NA
50207,PB2_C870T,0,1,0.004511,0.029439,NA
50207,PB2_A1866T,0,1,0.055128,0.00398,1
50232,HA_C467T,1,3,0,0.005981,NA
50232,HA_A468G,1,3,0,0.005735,NA
50232,HA_A564G,1,3,0.001692,0.00624,NA
50232,HA_C654A,1,3,0.001864,0.005859,NA
50232,HA_A888G,1,3,0,0.006167,NA
50232,MP_C267T,1,3,0,0.017728,NA
50232,MP_C295T,1,3,0,0.017485,NA
50232,MP_T684C,1,3,0,0.005255,NA
50232,MP_T696C,1,3,0,0.052588,NA
50232,NA_T303C,1,3,0,0.01076,NA
50232,NA_G427A,1,3,0,0.011228,NA
50232,NA_A456G,1,3,0.001963,0.012772,NA
50232,NA_T472C,1,3,0,0.011167,NA
50232,NA_A734G,1,3,0,0.012843,NA
50232,NA_A744G,1,3,0,0.005379,NA
50232,NA_C843T,1,3,0,0.01176,NA
50232,NA_G937T,1,3,0.002088,0.005276,NA
50232,NA_A1107G,1,3,0,0.012135,NA
50232,NP_T252C,1,3,0,0.005071,NA
50232,NP_A1087G,1,3,0,0.00512,NA
50232,NP_A1250G,1,3,0,0.006682,NA
50232,NS_G375A,1,3,0,0.005747,NA
50232,NS_T414G,1,3,0,0.025609,NA
50232,NS_T447C,1,3,0.008451,0.003338,1
50232,NS_G520A,1,3,0,0.006204,NA
50232,NS_G624T,1,3,0,0.00533,2
50232,NS_A626G,1,3,0,0.005531,NA
50232,PA_C531A,1,3,0,0.026131,NA
50232,PA_C662T,1,3,0,0.005986,NA
50232,PA_A786G,1,3,0,0.025257,NA
50232,PA_G984A,1,3,0,0.006389,NA
50232,PA_T993C,1,3,0,0.023971,NA
50232,PA_G1101A,1,3,0.008446,0.005153,NA
50232,PA_A1172G,1,3,0.001521,0.026046,NA
50232,PA_C1275T,1,3,0,0.005693,NA
50232,PA_G1584A,1,3,0,0.023985,NA
50232,PA_A1915G,1,3,0,0.005175,NA
50232,PB1_G208T,1,3,0.00523,0,NA
50232,PB1_G212T,1,3,0.0051,0,NA
50232,PB1_C279T,1,3,0,0.006009,NA
50232,PB1_T280G,1,3,0,0.005453,NA
50232,PB1_C346G,1,3,0,0.005325,NA
50232,PB1_G522A,1,3,0,0.022764,NA
50232,PB1_A634G,1,3,0.00334,0.024515,NA
50232,PB1_G868A,1,3,0,0.021626,NA
50232,PB1_T1014C,1,3,0,0.022926,NA
50232,PB1_T1043C,1,3,0,0.010086,NA
50232,PB1_C1329T,1,3,0,0.107265,NA
50232,PB1_C1331T,1,3,0,0.006014,NA
50232,PB1_A1804C,1,3,0,0.022797,NA
50232,PB1_C2068A,1,3,0.005065,0,NA
50232,PB2_A325G,1,3,0,0.015938,NA
50232,PB2_T354C,1,3,0.002016,0.006176,NA
50232,PB2_A474G,1,3,0.002005,0.017548,NA
50232,PB2_T608C,1,3,0.002222,0.005049,NA
50232,PB2_T678C,1,3,0,0.017718,NA
50232,PB2_T693G,1,3,0,0.006354,NA
50232,PB2_C829T,1,3,0,0.012856,NA
50232,PB2_C870A,1,3,0.005194,0.003761,NA
50232,PB2_A1122G,1,3,0,0.017265,NA
50232,PB2_T1196C,1,3,0,0.005234,NA
50232,PB2_T1257C,1,3,0,0.008736,NA
50232,PB2_C1617T,1,3,0,0.016676,NA
50232,PB2_A1791G,1,3,0,0.017055,NA
50232,PB2_A1842G,1,3,0,0.016834,NA
50232,PB2_C2066A,1,3,0.005012,0,NA
50246,HA_G658A,0,4,0,0.005682,NA
50246,HA_G837C,0,4,0,0.056869,NA
50246,HA_G1165A,0,4,0,0.010165,NA
50246,HA_C1306T,0,4,0,0.009541,NA
50246,HA_G1323A,0,4,0.007157,0,NA
50246,MP_G202T,0,4,0,0.005233,NA
50246,MP_G204T,0,4,0,0.006405,NA
50246,MP_T300C,0,4,0,0.005137,NA
50246,MP_G479T,0,4,0,0.008137,NA
50246,MP_A730C,0,4,0,0.552486,NA
50246,MP_C774A,0,4,0,0.005395,NA
50246,NA_G522A,0,4,0.011148,0,NA
50246,NA_G992T,0,4,0,0.042405,NA
50246,NA_C1188A,0,4,0,0.005515,NA
50246,NP_C750T,0,4,0,0.007881,NA
50246,NP_C867T,0,4,0.023925,0.002864,NA
50246,NP_C1256A,0,4,0.002023,0.005083,NA
50246,NS_G207T,0,4,0,0.005837,NA
50246,NS_G211T,0,4,0,0.005761,NA
50246,NS_G223T,0,4,0,0.005417,NA
50246,NS_T471C,0,4,0,0.00538,NA
50246,NS_G614A,0,4,0.010562,0,NA
50246,PA_G241T,0,4,0,0.006193,NA
50246,PA_A246G,0,4,0,0.010019,NA
50246,PA_T325C,0,4,0,0.056833,NA
50246,PA_G342A,0,4,0,0.058113,NA
50246,PA_C1925A,0,4,0.007371,0.004858,NA
50246,PB1_G232T,0,4,0,0.006189,NA
50246,PB1_G268T,0,4,0,0.005112,NA
50246,PB1_G276T,0,4,0,0.005187,NA
50246,PB1_T1365C,0,4,0.219946,0.269822,1
50246,PB1_C1977T,0,4,0,0.00585,NA
50246,PB1_C2067A,0,4,0,0.006836,NA
50246,PB2_G207T,0,4,0,0.005099,NA
50246,PB2_A456G,0,4,0,0.007137,NA
50246,PB2_T780A,0,4,0.001856,0.006063,NA
50246,PB2_G1326A,0,4,0,0.045466,NA
50246,PB2_C2063A,0,4,0,0.005469,NA
50246,PB2_C2070A,0,4,0,0.006887,2
50261,HA_G813A,1,2,0.005865,0,NA
50261,MP_C775A,1,2,0.010725,0,NA
50261,NP_C867T,1,2,0.002645,0.006675,2
50261,PA_A234G,1,2,0.013975,0,1
50261,PA_A1458G,1,2,0.006424,0.001706,NA
50305,HA_C244T,2,5,0.050339,0.001476,NA
50305,MP_A294G,2,5,0,0.005511,2
50305,NA_A231G,2,5,0,0.274389,NA
50305,NA_A590G,2,5,0,0.020921,NA
50305,NP_C357T,2,5,0,0.051904,NA
50305,NP_C966A,2,5,0.27137,0.671125,1
50305,NP_C1268T,2,5,0.008355,0,NA
50305,NS_A526G,2,5,0,0.011903,NA
50305,PB1_A590G,2,5,0,0.010964,NA
50305,PB1_T614A,2,5,0,0.005202,NA
50305,PB1_G870A,2,5,0,0.006005,NA
50305,PB1_A1776T,2,5,0.020649,0,NA
50305,PB2_G1824A,2,5,0.010172,0,NA
50318,HA_A359G,0,3,0,0.005501,NA
50318,HA_C863T,0,3,0,0.005922,NA
50318,HA_A1294G,0,3,0,0.00725,2
50318,HA_G1434A,0,3,0,0.043884,NA
50318,MP_G402A,0,3,0,0.009975,NA
50318,NA_A227T,0,3,0,0.012427,NA
50318,NA_A482G,0,3,0.005177,0,NA
50318,NA_G629A,0,3,0,0.011788,NA
50318,NA_T726A,0,3,0,0.005219,NA
50318,NA_T1002C,0,3,0,0.009547,NA
50318,NA_T1038C,0,3,0.006294,0.018744,NA
50318,NA_A1166G,0,3,0,0.006033,NA
50318,NP_C790A,0,3,0,0.016908,NA
50318,NP_A903G,0,3,0.019948,0.002475,NA
50318,NS_G372T,0,3,0.005218,0,NA
50318,PA_G1485A,0,3,0,0.00556,NA
50318,PA_G1732A,0,3,0.016623,0,NA
50318,PA_T1846A,0,3,0,0.007853,NA
50318,PB1_G312A,0,3,0,0.005531,NA
50318,PB1_C422A,0,3,0,0.005113,NA
50318,PB1_T517A,0,3,0,0.005345,NA
50318,PB1_A861G,0,3,0.021623,0,NA
50318,PB1_A969C,0,3,0.057981,0,1
50318,PB1_C1360T,0,3,0.002809,0.009504,NA
50318,PB2_T1686C,0,3,0,0.031243,NA
50319,MP_G324A,0,1,0.001476,0.008796,NA
50319,MP_C500T,0,1,0.012306,0.009772,NA
50319,NA_A208G,0,1,0.003367,0.006863,NA
50319,NP_A537G,0,1,0.002911,0.007518,2
50319,NP_T654C,0,1,0.01094,0,NA
50319,NP_G1207A,0,1,0.001608,0.008105,NA
50319,NS_A527T,0,1,0.005829,0.00951,NA
50319,PB2_G466T,0,1,0.00179,0.005515,NA
50319,PB2_A751G,0,1,0.002187,0.008367,NA
50319,PB2_C853T,0,1,0.037168,0.010528,1
50319,PB2_G1479A,0,1,0.007773,0.005592,NA
50331,HA_A478G,0,1,0.00535,0,NA
50331,HA_T623C,0,1,0.005208,0,NA
50331,HA_C683T,0,1,0.005327,0,NA
50331,HA_T897C,0,1,0.006311,0.001638,NA
50331,MP_A294G,0,1,0.015581,0.008117,NA
50331,NA_C235T,0,1,0.007332,0,NA
50331,NA_G332A,0,1,0.006867,0,NA
50331,NA_T396C,0,1,0.006197,0,NA
50331,NA_C550T,0,1,0.006438,0.001524,NA
50331,NA_G634A,0,1,0.005408,0,NA
50331,NA_A660G,0,1,0.006158,0.001119,NA
50331,NA_C786A,0,1,0.005087,0,NA
50331,NA_G907T,0,1,0.007119,0,NA
50331,NP_A1182G,0,1,0.008872,0.009558,NA
50331,NP_C1289T,0,1,0.030166,0.052299,1
50331,NS_T422C,0,1,0.008365,0,NA
50331,PA_A363G,0,1,0.010531,0.052863,NA
50331,PA_A871G,0,1,0.005891,0.001911,NA
50331,PA_A1247G,0,1,0.006308,0.002034,NA
50331,PB1_A1148G,0,1,0.005176,0,NA
50331,PB1_C1324T,0,1,0.005557,0,NA
50331,PB1_T1543C,0,1,0.005247,0,NA
50331,PB1_T1550C,0,1,0.005166,0,NA
50331,PB1_T1616C,0,1,0.006096,0,NA
50331,PB1_A1626G,0,1,0.005765,0,NA
50331,PB1_T1675C,0,1,0.0061,0,NA
50331,PB1_C1697T,0,1,0.005527,0,NA
50331,PB2_A1507G,0,1,0.005214,0,NA
50331,PB2_G2061A,0,1,0.007406,0.013303,NA
50418,NA_A1080C,1,2,0.037153,0.030507,1
50418,NP_C1256A,1,2,0.002946,0.00544,NA
50418,PA_G219T,1,2,0,0.005062,NA
50418,PA_G271A,1,2,0.010067,0,NA
50418,PA_T822C,1,2,0,0.007718,NA
50418,PA_A933G,1,2,0,0.017902,NA
50418,PB1_T1821C,1,2,0,0.032403,NA
50418,PB1_G1884A,1,2,0.028801,0.017471,NA
50418,PB2_T1260C,1,2,0,0.006013,2
50468,HA_G990A,0,2,0.044657,0.00798,1
50468,HA_A1063G,0,2,0.001648,0.006502,2
50468,HA_C1245T,0,2,0,0.00534,NA
50468,MP_A746G,0,2,0.008525,0,NA
50468,NA_C416T,0,2,0,0.009448,NA
50468,PA_T533C,0,2,0.007219,0,NA
50468,PB1_T614A,0,2,0,0.00615,NA
50468,PB2_A859G,0,2,0,0.005572,NA
50468,PB2_T1590C,0,2,0.006905,0.026147,NA
50468,PB2_C2070A,0,2,0.005528,0,NA
50538,HA_G1023A,-2,1,0.007392,0.007717,NA
50538,MP_G315A,-2,1,0.005515,0.005723,NA
50538,NA_T201C,-2,1,0.056145,0.112815,NA
50538,NA_T202C,-2,1,0.056115,0.112739,NA
50538,NA_T230C,-2,1,0.061274,0.112843,1
50538,NA_C676T,-2,1,0.008205,0.005771,NA
50538,NP_C870T,-2,1,0.012196,0.010383,NA
50538,NS_G604A,-2,1,0.011756,0.004748,NA
50538,PB1_T614A,-2,1,0,0.005742,NA
50538,PB2_G220A,-2,1,0.00408,0.005899,2
50538,PB2_A840G,-2,1,0.017376,0.018987,NA
50538,PB2_C1571A,-2,1,0.007997,0.007414,NA
50540,HA_G226T,0,3,0.002382,0.005093,NA
50540,HA_C516T,0,3,0.070084,0.186904,1
50540,HA_A537G,0,3,0,0.00502,NA
50540,HA_A550G,0,3,0,0.005029,NA
50540,HA_A832G,0,3,0,0.008619,NA
50540,HA_C1470A,0,3,0.005004,0,NA
50540,HA_C1476A,0,3,0.005153,0,NA
50540,MP_G202T,0,3,0.006298,0,NA
50540,MP_G204T,0,3,0.006261,0,NA
50540,MP_G225T,0,3,0.005421,0,NA
50540,MP_G711A,0,3,0,0.023183,NA
50540,MP_C774A,0,3,0.005557,0,NA
50540,NA_A673G,0,3,0,0.010553,NA
50540,NP_A456G,0,3,0.003053,0.007173,NA
50540,NP_G868A,0,3,0.014776,0,NA
50540,NP_C1161T,0,3,0,0.007497,NA
50540,NS_G201T,0,3,0.005155,0,NA
50540,NS_G211T,0,3,0.006851,0,NA
50540,NS_G225A,0,3,0,0.007732,NA
50540,NS_A398G,0,3,0.006079,0,NA
50540,NS_A462G,0,3,0,0.01043,NA
50540,NS_G475T,0,3,0.006278,0,NA
50540,NS_T498C,0,3,0.005769,0,NA
50540,NS_C637A,0,3,0.005099,0,NA
50540,PA_G219T,0,3,0.006958,0,NA
50540,PA_G240T,0,3,0.005064,0,NA
50540,PA_G327A,0,3,0,0.030556,NA
50540,PA_A517G,0,3,0,0.006082,NA
50540,PA_G646A,0,3,0,0.013611,NA
50540,PA_A1042G,0,3,0,0.005378,2
50540,PA_T1210C,0,3,0,0.005298,NA
50540,PA_T1351C,0,3,0.002445,0.005097,NA
50540,PA_A1459G,0,3,0,0.00614,NA
50540,PA_T1498C,0,3,0,0.005497,NA
50540,PB1_G208T,0,3,0.005545,0,NA
50540,PB1_G212T,0,3,0.00522,0,NA
50540,PB1_C258T,0,3,0,0.007196,NA
50540,PB1_A269C,0,3,0,0.00655,NA
50540,PB1_G374A,0,3,0,0.005636,NA
50540,PB1_C376A,0,3,0,0.006472,NA
50540,PB1_T385C,0,3,0,0.0081,NA
50540,PB1_T614A,0,3,0.005054,0.006111,NA
50540,PB1_C1051T,0,3,0,0.007064,NA
50540,PB1_C1282G,0,3,0,0.007367,NA
50540,PB1_A1595G,0,3,0,0.006967,NA
50540,PB1_C1994A,0,3,0.003519,0.007416,NA
50540,PB2_G207T,0,3,0.005078,0,NA
50540,PB2_T256C,0,3,0,0.006215,NA
50540,PB2_A264G,0,3,0,0.005256,NA
50540,PB2_T705C,0,3,0,0.010068,NA
50540,PB2_A767G,0,3,0.00219,0.009392,NA
50540,PB2_A859G,0,3,0,0.00618,NA
50540,PB2_C870A,0,3,0.005925,0,NA
50540,PB2_A901G,0,3,0,0.005123,NA
50540,PB2_C965T,0,3,0.010046,0,NA
50540,PB2_G1030A,0,3,0,0.006472,NA
50540,PB2_T1046C,0,3,0,0.005672,NA
50540,PB2_A1149G,0,3,0,0.009026,NA
50540,PB2_A1515G,0,3,0,0.005962,NA
50540,PB2_C1793T,0,3,0,0.005198,NA
50540,PB2_A2055G,0,3,0,0.008629,NA
50540,PB2_C2064A,0,3,0.005064,0,NA
50540,PB2_C2066A,0,3,0.005857,0,NA
50540,PB2_C2070A,0,3,0.006717,0,NA
50553,HA_C960T,0,1,0.009164,0.007216,NA
50553,HA_C966T,0,1,0.036717,0.087252,NA
50553,NP_T678C,0,1,0.035744,0.055236,NA
50553,PA_A514G,0,1,0,0.007068,2
50553,PA_G1464A,0,1,0.003492,0.008981,NA
50553,PB1_C770T,0,1,0.007693,0.010272,NA
50553,PB1_G1806A,0,1,0.036904,0.021708,1
50553,PB1_C1977A,0,1,0.005803,0,NA
50553,PB1_C2028T,0,1,0.011131,0.007464,NA
50553,PB2_C2016T,0,1,0.014653,0.003128,NA
50620,HA_C204T,0,2,0,0.005851,NA
50620,HA_A451G,0,2,0.001394,0.006448,NA
50620,HA_A607G,0,2,0,0.005033,NA
50620,HA_C819A,0,2,0,0.005749,NA
50620,HA_G871T,0,2,0,0.005816,NA
50620,HA_T987C,0,2,0,0.00635,NA
50620,HA_A1239G,0,2,0.001292,0.00537,NA
50620,HA_C1308T,0,2,0,0.005246,NA
50620,NA_G337A,0,2,0,0.005141,NA
50620,NA_G570A,0,2,0,0.005454,NA
50620,NA_A664G,0,2,0,0.005018,NA
50620,NA_G787A,0,2,0,0.005793,NA
50620,NA_T945C,0,2,0,0.007531,NA
50620,NA_C1109T,0,2,0,0.031231,NA
50620,NA_G1182A,0,2,0,0.005074,NA
50620,NP_C563A,0,2,0,0.005369,NA
50620,PA_C202T,0,2,0,0.005864,NA
50620,PA_T1050C,0,2,0,0.005969,NA
50620,PA_G1680A,0,2,0.231181,0.528151,1
50620,PA_A1838G,0,2,0,0.007775,NA
50620,PB1_T280C,0,2,0,0.012742,NA
50620,PB1_G414A,0,2,0,0.007938,NA
50620,PB1_C432T,0,2,0,0.010579,NA
50620,PB1_C920A,0,2,0,0.007181,NA
50620,PB1_A1193G,0,2,0,0.006234,2
50620,PB1_A1294C,0,2,0,0.007428,NA
50620,PB1_G1585A,0,2,0,0.01226,NA
50620,PB1_C1671T,0,2,0,0.006301,NA
50620,PB2_T504C,0,2,0,0.006236,NA
50620,PB2_G816A,0,2,0,0.006926,NA
50620,PB2_G1523A,0,2,0,0.005638,NA
50620,PB2_G1622A,0,2,0,0.005354,NA
50620,PB2_T1986C,0,2,0,0.006484,NA
50632,HA_A1201G,0,1,0,0.005022,NA
50632,MP_A726G,0,1,0,0.006458,NA
50632,NP_G351A,0,1,0,0.00674,NA
50632,NS_A212T,0,1,0,0.017686,2
50632,PA_G366A,0,1,0.005533,0,1
50632,PA_A1155G,0,1,0.00515,0,NA
50632,PA_A1653G,0,1,0,0.009757,NA
50632,PB1_T614A,0,1,0,0.005033,NA
50632,PB2_A1167G,0,1,0,0.008375,NA
50678,HA_G232A,0,3,0,0.0064,NA
50678,HA_G265A,0,3,0,0.008158,NA
50678,HA_T279C,0,3,0,0.005104,NA
50678,HA_C339T,0,3,0,0.008402,NA
50678,HA_G430A,0,3,0,0.011693,NA
50678,HA_T460G,0,3,0,0.011468,NA
50678,HA_G472A,0,3,0,0.011184,NA
50678,HA_A479G,0,3,0.001612,0.01107,NA
50678,HA_C524A,0,3,0.001702,0.010019,NA
50678,HA_A527C,0,3,0,0.009443,NA
50678,HA_A540G,0,3,0,0.010155,NA
50678,HA_A564G,0,3,0.002184,0.009366,NA
50678,HA_T585C,0,3,0,0.00553,NA
50678,HA_G615A,0,3,0,0.006593,NA
50678,HA_A636T,0,3,0,0.010093,NA
50678,HA_C654A,0,3,0,0.007619,NA
50678,HA_T686C,0,3,0,0.005546,NA
50678,HA_C689T,0,3,0,0.010461,NA
50678,HA_G693A,0,3,0,0.010016,NA
50678,HA_A697G,0,3,0,0.00748,NA
50678,HA_G708A,0,3,0,0.01407,NA
50678,HA_G825A,0,3,0,0.006987,NA
50678,HA_A888G,0,3,0,0.005287,NA
50678,HA_A981T,0,3,0,0.006618,NA
50678,HA_A1020G,0,3,0,0.090038,NA
50678,HA_G1025A,0,3,0,0.006797,NA
50678,HA_A1080G,0,3,0.002559,0.008856,NA
50678,HA_C1104T,0,3,0,0.007736,NA
50678,HA_G1260A,0,3,0,0.008168,NA
50678,HA_A1296T,0,3,0,0.00815,NA
50678,HA_T1332C,0,3,0,0.006985,NA
50678,HA_T1390G,0,3,0.010595,0,NA
50678,HA_G1407A,0,3,0,0.007913,NA
50678,HA_C1437A,0,3,0.002299,0.007581,NA
50678,HA_C1491A,0,3,0.002169,0.008297,NA
50678,MP_C267T,0,3,0,0.005361,NA
50678,MP_C295T,0,3,0,0.005608,NA
50678,MP_T330C,0,3,0.00136,0.008665,NA
50678,MP_T469C,0,3,0.00866,0,NA
50678,MP_A615T,0,3,0,0.00779,NA
50678,MP_T760C,0,3,0,0.008277,NA
50678,NA_C263T,0,3,0,0.005762,NA
50678,NA_G427A,0,3,0,0.005444,NA
50678,NA_A528G,0,3,0,0.006842,NA
50678,NA_A561G,0,3,0.001664,0.007042,NA
50678,NA_A593G,0,3,0.001489,0.008065,NA
50678,NA_A717G,0,3,0,0.006049,NA
50678,NA_A783G,0,3,0,0.005991,NA
50678,NA_C800A,0,3,0,0.007831,NA
50678,NA_G888A,0,3,0,0.006903,NA
50678,NA_C901G,0,3,0,0.006699,NA
50678,NA_A1089G,0,3,0.001464,0.009135,NA
50678,NA_T1095A,0,3,0,0.008388,NA
50678,NA_A1138G,0,3,0,0.009125,NA
50678,NA_C1175T,0,3,0,0.008355,NA
50678,NP_A220G,0,3,0.001756,0.005445,NA
50678,NP_A302G,0,3,0,0.007116,NA
50678,NP_C390A,0,3,0,0.008642,NA
50678,NP_G411A,0,3,0,0.0051,NA
50678,NP_G447A,0,3,0,0.005639,NA
50678,NP_A448C,0,3,0,0.005539,NA
50678,NP_T459C,0,3,0.002738,0.006079,NA
50678,NP_A495T,0,3,0,0.010289,NA
50678,NP_G649A,0,3,0,0.010409,NA
50678,NP_G756A,0,3,0,0.005037,NA
50678,NP_T825C,0,3,0.002677,0.011421,NA
50678,NP_G840A,0,3,0,0.010353,NA
50678,NP_G864T,0,3,0,0.009629,NA
50678,NP_C867T,0,3,0,0.007912,NA
50678,NP_C873T,0,3,0,0.010195,NA
50678,NP_G900A,0,3,0,0.010156,NA
50678,NP_T912C,0,3,0,0.01061,NA
50678,NP_G1113A,0,3,0,0.008116,NA
50678,NP_T1134C,0,3,0.00206,0.00524,NA
50678,NP_C1149T,0,3,0,0.005563,NA
50678,NP_A1167G,0,3,0.002054,0.010347,NA
50678,NS_A272C,0,3,0,0.009341,NA
50678,NS_T372G,0,3,0,0.008906,NA
50678,NS_C402T,0,3,0,0.009787,NA
50678,PA_T269C,0,3,0.012105,0,1
50678,PA_A367G,0,3,0.005025,0,NA
50678,PA_G371T,0,3,0.005705,0,NA
50678,PA_A494G,0,3,0,0.005049,NA
50678,PA_T513C,0,3,0.004812,0.008177,NA
50678,PA_C531A,0,3,0,0.005133,NA
50678,PA_G579T,0,3,0,0.00854,NA
50678,PA_G617A,0,3,0,0.008234,NA
50678,PA_G663A,0,3,0,0.007668,NA
50678,PA_C708T,0,3,0,0.006901,NA
50678,PA_A766C,0,3,0.004751,0.009507,NA
50678,PA_A815G,0,3,0.004551,0.011546,NA
50678,PA_G837A,0,3,0.003683,0.01217,NA
50678,PA_C861T,0,3,0.003863,0.012392,NA
50678,PA_G922A,0,3,0.003973,0.013194,NA
50678,PA_T993C,0,3,0,0.008081,NA
50678,PA_T1041C,0,3,0.002973,0.01166,NA
50678,PA_A1172G,0,3,0.003127,0.00807,NA
50678,PA_G1221A,0,3,0.004655,0.009925,NA
50678,PA_A1229G,0,3,0,0.00979,NA
50678,PA_C1253A,0,3,0,0.006812,NA
50678,PA_G1308A,0,3,0.004913,0.00986,NA
50678,PA_A1329G,0,3,0.004703,0.009115,NA
50678,PA_T1351C,0,3,0,0.006904,NA
50678,PA_A1517G,0,3,0,0.005033,NA
50678,PA_T1531C,0,3,0.004619,0.008679,NA
50678,PA_T1557C,0,3,0.003436,0.009949,NA
50678,PA_T1562C,0,3,0,0.006344,NA
50678,PA_A1572G,0,3,0,0.009901,NA
50678,PA_C1587T,0,3,0,0.01035,NA
50678,PA_G1660A,0,3,0.003669,0.009669,NA
50678,PA_A1739G,0,3,0,0.009554,NA
50678,PA_T1755C,0,3,0,0.009551,NA
50678,PA_G1770A,0,3,0,0.005143,NA
50678,PA_G1814A,0,3,0,0.006871,NA
50678,PA_G1878A,0,3,0,0.007812,NA
50678,PB1_C220T,0,3,0,0.008069,NA
50678,PB1_A348G,0,3,0.007963,0.005363,NA
50678,PB1_C397T,0,3,0.006173,0.006068,NA
50678,PB1_T408C,0,3,0.006421,0.00656,NA
50678,PB1_A530G,0,3,0,0.007121,NA
50678,PB1_A615T,0,3,0,0.00694,NA
50678,PB1_G627A,0,3,0.007049,0.004332,NA
50678,PB1_G634A,0,3,0.005638,0,NA
50678,PB1_A717G,0,3,0.006248,0.00455,NA
50678,PB1_C876T,0,3,0,0.005294,NA
50678,PB1_C897T,0,3,0,0.005645,NA
50678,PB1_G987A,0,3,0,0.005793,NA
50678,PB1_A1169G,0,3,0,0.007133,NA
50678,PB1_A1374G,0,3,0.005411,0.002653,NA
50678,PB1_C1492T,0,3,0,0.006571,NA
50678,PB1_C1608T,0,3,0,0.006219,NA
50678,PB1_T1617C,0,3,0,0.006762,NA
50678,PB1_A1674G,0,3,0.002316,0.005904,NA
50678,PB1_T1681C,0,3,0,0.005132,NA
50678,PB1_G1713A,0,3,0,0.006262,NA
50678,PB1_A1801C,0,3,0,0.007652,NA
50678,PB2_C237T,0,3,0,0.005163,NA
50678,PB2_C333T,0,3,0,0.007679,NA
50678,PB2_A339G,0,3,0,0.008461,2
50678,PB2_G378A,0,3,0,0.008676,NA
50678,PB2_A546G,0,3,0.004163,0.010915,NA
50678,PB2_A639G,0,3,0.004179,0.009907,NA
50678,PB2_T678C,0,3,0,0.006636,NA
50678,PB2_A816G,0,3,0.003637,0.008907,NA
50678,PB2_G837T,0,3,0,0.00943,NA
50678,PB2_C972T,0,3,0,0.006062,NA
50678,PB2_G1032T,0,3,0.003586,0.00756,NA
50678,PB2_A1122G,0,3,0,0.006532,NA
50678,PB2_C1134T,0,3,0,0.006196,NA
50678,PB2_G1137A,0,3,0.002665,0.007472,NA
50678,PB2_A1284G,0,3,0.003235,0.006266,NA
50678,PB2_A1386G,0,3,0.004054,0.008404,NA
50678,PB2_A1438G,0,3,0.002988,0.007126,NA
50678,PB2_T1518C,0,3,0,0.007789,NA
50678,PB2_T1554C,0,3,0.003486,0.007165,NA
50678,PB2_G1575A,0,3,0.003698,0.007673,NA
50678,PB2_A1629G,0,3,0.003469,0.007254,NA
50678,PB2_C1635T,0,3,0,0.006921,NA
50678,PB2_T1680C,0,3,0,0.00603,NA
50678,PB2_T1704C,0,3,0,0.005472,NA
50678,PB2_T1763C,0,3,0.002913,0.009128,NA
50678,PB2_A1791G,0,3,0,0.007192,NA
50678,PB2_C1815T,0,3,0,0.007311,NA
50678,PB2_T1860C,0,3,0,0.010366,NA
50678,PB2_T1872C,0,3,0,0.005954,NA
50678,PB2_T1898C,0,3,0,0.005204,NA
50678,PB2_A1909G,0,3,0,0.007412,NA
50678,PB2_A1981G,0,3,0,0.021852,NA
50727,NS_A600G,0,1,0.008269,0.012118,NA
50727,PA_C203T,0,1,0,0.007482,NA
50727,PA_A204C,0,1,0.010215,0.018931,NA
50727,PA_G327A,0,1,0.003758,0.007294,NA
50727,PA_T328G,0,1,0.008355,0.009992,NA
50727,PA_A508G,0,1,0.022253,0.019401,NA
50727,PB1_T555C,0,1,0.017088,0.031871,NA
50727,PB1_T614A,0,1,0,0.00554,2
50727,PB1_G1390A,0,1,0.004156,0.008111,NA
50727,PB1_G1725A,0,1,0.025824,0.024024,1
50784,HA_C913T,0,1,0.002361,0.011942,2
50784,HA_C1487A,0,1,0.005309,0,NA
50784,MP_G204T,0,1,0.005305,0,NA
50784,MP_C774A,0,1,0.005012,0,NA
50784,NA_G691A,0,1,0.006226,0.003301,NA
50784,NA_A747G,0,1,0.002701,0.006434,NA
50784,NP_C1243A,0,1,0.005436,0.002986,NA
50784,NS_A202G,0,1,0,0.007783,NA
50784,PA_G219T,0,1,0.005457,0,NA
50784,PB1_T614A,0,1,0,0.005411,NA
50784,PB1_T653C,0,1,0.0064,0,NA
50784,PB1_T670C,0,1,0.005934,0,NA
50784,PB1_T760C,0,1,0.006546,0,1
50784,PB1_T772C,0,1,0.00555,0,NA
50784,PB1_C887A,0,1,0,0.005122,NA
50784,PB1_T1926C,0,1,0,0.007489,NA
50784,PB2_A948G,0,1,0,0.011825,NA
50784,PB2_G1066A,0,1,0,0.005198,NA
50784,PB2_C2064A,0,1,0.005393,0,NA
50784,PB2_C2066A,0,1,0.005462,0,NA
50784,PB2_C2070A,0,1,0.006031,0,NA
50785,HA_T518C,1,2,0,0.005816,NA
50785,HA_T569C,1,2,0,0.00589,NA
50785,HA_G721A,1,2,0,0.015521,NA
50785,HA_T723C,1,2,0,0.006164,NA
50785,HA_A1002G,1,2,0.008229,0,NA
50785,HA_A1325G,1,2,0,0.005652,NA
50785,NA_A211C,1,2,0.005956,0,NA
50785,NA_C212A,1,2,0,0.006519,NA
50785,NA_A383G,1,2,0,0.007838,NA
50785,NA_G509A,1,2,0,0.006725,NA
50785,NA_T702C,1,2,0,0.007557,NA
50785,NA_A724G,1,2,0,0.005953,NA
50785,NA_A747G,1,2,0.002065,0.008499,NA
50785,NA_C902A,1,2,0,0.007291,NA
50785,NA_G1086T,1,2,0,0.005848,NA
50785,NP_G241A,1,2,0,0.005648,NA
50785,NP_A374G,1,2,0,0.005191,NA
50785,NP_C514T,1,2,0,0.005392,NA
50785,NP_G738A,1,2,0,0.006698,NA
50785,NP_C834T,1,2,0,0.005239,NA
50785,NP_T909C,1,2,0.001951,0.006847,NA
50785,NP_G1054A,1,2,0,0.006206,NA
50785,NP_A1265G,1,2,0,0.005784,NA
50785,NP_T1286C,1,2,0,0.005886,NA
50785,NS_G261A,1,2,0,0.034672,NA
50785,NS_C453T,1,2,0,0.017358,2
50785,NS_A552G,1,2,0,0.005161,NA
50785,PA_T269G,1,2,0,0.005478,NA
50785,PA_C290A,1,2,0,0.008825,NA
50785,PA_G302A,1,2,0.004601,0.008377,NA
50785,PA_A494G,1,2,0,0.006367,NA
50785,PA_C776T,1,2,0,0.007857,NA
50785,PA_T810C,1,2,0,0.00815,NA
50785,PA_G927A,1,2,0,0.006707,NA
50785,PA_A1015G,1,2,0,0.007008,NA
50785,PA_T1022C,1,2,0,0.007093,NA
50785,PA_T1062C,1,2,0,0.00806,NA
50785,PA_C1273T,1,2,0,0.007352,NA
50785,PB1_G223A,1,2,0,0.011865,NA
50785,PB1_C422T,1,2,0,0.009287,NA
50785,PB1_T614A,1,2,0,0.006064,NA
50785,PB1_G748A,1,2,0,0.007262,NA
50785,PB1_C802T,1,2,0,0.011426,NA
50785,PB1_A1037G,1,2,0,0.011994,NA
50785,PB1_T1069C,1,2,0,0.014705,NA
50785,PB1_A1284G,1,2,0,0.008258,NA
50785,PB1_A1584G,1,2,0,0.005274,NA
50785,PB1_A1594G,1,2,0,0.00528,NA
50785,PB1_C1596A,1,2,0,0.010918,NA
50785,PB1_G1762A,1,2,0,0.006429,NA
50785,PB1_A1773G,1,2,0,0.011373,NA
50785,PB1_G1912A,1,2,0,0.010808,NA
50785,PB1_T1974G,1,2,0,0.010465,NA
50785,PB2_A339G,1,2,0,0.014067,NA
50785,PB2_C394T,1,2,0,0.007956,NA
50785,PB2_T595G,1,2,0,0.006899,NA
50785,PB2_A641G,1,2,0.011149,0,1
50785,PB2_G1254A,1,2,0.006926,0.005154,NA
50785,PB2_T1623C,1,2,0.005704,0,NA
50785,PB2_C1647T,1,2,0,0.00594,NA
50785,PB2_T1872C,1,2,0.005292,0,NA
50809,NA_G332A,1,2,0,0.007042,NA
50809,NP_A250G,1,2,0,0.011334,NA
50809,NS_A458G,1,2,0.002925,0.014153,NA
50809,NS_T470C,1,2,0,0.006184,NA
50809,NS_G475A,1,2,0,0.006634,NA
50809,NS_T498C,1,2,0,0.007411,NA
50809,NS_T554C,1,2,0,0.005532,NA
50809,PA_G465A,1,2,0,0.020543,NA
50809,PA_A1234G,1,2,0,0.008673,NA
50809,PA_A1429G,1,2,0,0.014157,NA
50809,PA_T1587C,1,2,0,0.005222,2
50809,PB1_T614A,1,2,0,0.005633,NA
50809,PB1_A645G,1,2,0,0.005091,NA
50809,PB1_G1557A,1,2,0.00548,0.00672,1
50812,HA_G294A,0,1,0,0.005195,2
50812,HA_A319G,0,1,0,0.006454,NA
50812,HA_G700T,0,1,0,0.005005,NA
50812,HA_A1005G,0,1,0,0.005677,NA
50812,HA_A1022G,0,1,0,0.005653,NA
50812,HA_T1173C,0,1,0,0.005621,NA
50812,NA_C212T,0,1,0,0.008285,NA
50812,NA_A239G,0,1,0,0.00762,NA
50812,NA_A240C,0,1,0.023974,0.031584,NA
50812,NA_T250C,0,1,0,0.005054,NA
50812,NA_C322A,0,1,0,0.006854,NA
50812,NA_A411G,0,1,0,0.009501,NA
50812,NA_A874C,0,1,0,0.006604,NA
50812,NA_T965C,0,1,0,0.005399,NA
50812,NP_T314A,0,1,0.003401,0.005377,NA
50812,NP_A1053G,0,1,0,0.005406,NA
50812,NS_G347A,0,1,0,0.007375,NA
50812,NS_A382G,0,1,0,0.012091,NA
50812,NS_C421T,0,1,0,0.017676,NA
50812,NS_C603T,0,1,0,0.007823,NA
50812,NS_C605T,0,1,0,0.007898,NA
50812,PA_A1362G,0,1,0,0.005598,NA
50812,PA_G1740T,0,1,0,0.007728,NA
50812,PA_A1783G,0,1,0,0.005516,NA
50812,PB1_C215T,0,1,0,0.00524,NA
50812,PB1_C447T,0,1,0.090901,0.077128,1
50812,PB1_A516G,0,1,0,0.007374,NA
50812,PB1_A607G,0,1,0,0.005268,NA
50812,PB1_G924A,0,1,0,0.007086,NA
50812,PB1_A1188G,0,1,0.025121,0.014643,NA
50812,PB1_C1699T,0,1,0,0.006355,NA
50812,PB1_T1727C,0,1,0,0.005881,NA
50812,PB1_T1769C,0,1,0,0.005771,NA
50812,PB1_T1800C,0,1,0,0.006335,NA
50812,PB1_T1831C,0,1,0,0.006521,NA
50812,PB1_T1832C,0,1,0,0.005941,NA
50812,PB1_G1942A,0,1,0,0.006484,NA
50812,PB1_T1964C,0,1,0,0.006481,NA
50812,PB1_C1982T,0,1,0,0.006879,NA
50812,PB1_G1997A,0,1,0,0.007846,NA
50812,PB2_A264G,0,1,0.002705,0.008024,NA
50812,PB2_A458G,0,1,0.007139,0,NA
50812,PB2_A566G,0,1,0,0.006821,NA
50812,PB2_G634A,0,1,0,0.005713,NA
50812,PB2_G716A,0,1,0,0.006751,NA
50812,PB2_A1122G,0,1,0,0.006263,NA
50812,PB2_A1123G,0,1,0,0.006224,NA
50812,PB2_A1235G,0,1,0,0.006806,NA
50812,PB2_A1236G,0,1,0,0.007199,NA
50812,PB2_A1305G,0,1,0,0.006622,NA
50812,PB2_A1343G,0,1,0,0.007161,NA
50812,PB2_A1350G,0,1,0,0.005582,NA
50812,PB2_C2070A,0,1,0.006302,0,NA
50842,HA_G837A,0,1,0.013458,0.006355,1
50842,MP_G492T,0,1,0,0.007319,2
50842,NS_G300A,0,1,0.005806,0.003166,NA
50851,HA_A906G,0,2,0,0.075526,NA
50851,HA_G945A,0,2,0,0.074609,NA
50851,HA_T1287G,0,2,0,0.073532,NA
50851,MP_T309A,0,2,0,0.150052,NA
50851,MP_A322G,0,2,0.006543,0.001779,1
50851,MP_G441A,0,2,0,0.146265,2
50851,NA_A456G,0,2,0.001838,0.056364,NA
50851,NA_T472C,0,2,0,0.055671,NA
50851,NA_C690T,0,2,0,0.056929,NA
50851,NA_A734G,0,2,0,0.057163,NA
50851,NA_C843T,0,2,0,0.056199,NA
50851,NA_C906A,0,2,0,0.056495,NA
50851,NA_G1047A,0,2,0,0.054009,NA
50851,NA_A1107G,0,2,0,0.056057,NA
50851,NP_T252C,0,2,0,0.035499,NA
50851,NP_C285T,0,2,0,0.010174,NA
50851,NP_T690C,0,2,0,0.037499,NA
50851,NS_G207A,0,2,0,0.045105,NA
50851,PA_C1078A,0,2,0,0.048565,NA
50851,PA_T1440C,0,2,0.005651,0.009308,NA
50851,PA_G1584A,0,2,0,0.046914,NA
50851,PA_T1788C,0,2,0,0.047488,NA
50851,PB1_T614A,0,2,0,0.00553,NA
50851,PB1_A634G,0,2,0,0.085577,NA
50851,PB1_C1093A,0,2,0,0.085709,NA
50851,PB1_A1456C,0,2,0,0.00675,NA
50851,PB2_G924A,0,2,0,0.025169,NA
50851,PB2_A1105G,0,2,0.003011,0.00571,NA
50851,PB2_A1431G,0,2,0,0.007424,NA
50874,HA_C447T,0,1,0.006296,0,NA
50874,HA_G448A,0,1,0.005304,0,NA
50874,HA_C744A,0,1,0.00618,0,NA
50874,HA_C806T,0,1,0.006951,0,NA
50874,HA_A892T,0,1,0.005394,0,NA
50874,HA_C1121A,0,1,0.008719,0,NA
50874,HA_A1457T,0,1,0.105772,0.009589,NA
50874,MP_G262A,0,1,0.005083,0,NA
50874,MP_G736A,0,1,0,0.01417,2
50874,NA_G204A,0,1,0.008874,0,NA
50874,NA_A389C,0,1,0.008651,0,NA
50874,NA_A482G,0,1,0.033036,0.473484,NA
50874,NA_T632C,0,1,0.005357,0,NA
50874,NA_T648C,0,1,0.00818,0,NA
50874,NA_A888G,0,1,0.009363,0.001604,NA
50874,NA_C891A,0,1,0.011697,0,NA
50874,NA_G944A,0,1,0.008034,0,NA
50874,NP_G491A,0,1,0.005762,0,NA
50874,NP_A555G,0,1,0.007389,0,NA
50874,NP_A663G,0,1,0.006654,0,NA
50874,NP_C766T,0,1,0.005453,0,NA
50874,NS_A287G,0,1,0.005301,0.001697,NA
50874,NS_T554C,0,1,0.008867,0,NA
50874,PA_T315C,0,1,0.005152,0,NA
50874,PA_C336T,0,1,0.006077,0,NA
50874,PA_G403A,0,1,0.007403,0,NA
50874,PA_A555G,0,1,0.00701,0.00176,NA
50874,PA_A1213G,0,1,0.008106,0,NA
50874,PA_C1316T,0,1,0.005973,0,NA
50874,PA_G1520A,0,1,0.006425,0,NA
50874,PA_T1527C,0,1,0.005213,0.001685,NA
50874,PA_C1583T,0,1,0.007464,0,NA
50874,PA_T1641A,0,1,0.006132,0,NA
50874,PA_G1693T,0,1,0.00682,0,NA
50874,PB1_A249G,0,1,0.005934,0,NA
50874,PB1_G373A,0,1,0.007647,0,NA
50874,PB1_G514A,0,1,0.267506,0.467264,NA
50874,PB1_A573G,0,1,0.010477,0,NA
50874,PB1_T764G,0,1,0.005776,0,NA
50874,PB1_C920A,0,1,0.005382,0,NA
50874,PB1_T1322A,0,1,0.008575,0,NA
50874,PB1_G1431A,0,1,0.008565,0,NA
50874,PB1_T1447C,0,1,0.005118,0,NA
50874,PB1_T1550C,0,1,0.006649,0,NA
50874,PB1_A1689G,0,1,0.322497,0.46961,1
50874,PB1_A1782G,0,1,0.219416,0.455273,NA
50874,PB1_T1851G,0,1,0.007852,0,NA
50874,PB1_T1895C,0,1,0.005299,0,NA
50874,PB1_C2016T,0,1,0.00931,0,NA
50874,PB1_G2041A,0,1,0.009143,0,NA
50874,PB2_A419G,0,1,0.005654,0.001432,NA
50874,PB2_A616C,0,1,0.005118,0,NA
50874,PB2_T687C,0,1,0.005944,0,NA
50874,PB2_A915G,0,1,0.00703,0,NA
50874,PB2_C1203A,0,1,0.006626,0,NA
50874,PB2_C1287T,0,1,0.006479,0,NA
50874,PB2_T1535C,0,1,0.006797,0,NA
50874,PB2_A1975G,0,1,0.006256,0,NA
50879,NA_A1185G,0,3,0.005991,0.003512,NA
50879,PB1_A476C,0,3,0.009615,0.010834,1
50879,PB1_T1929C,0,3,0.006941,0.008884,NA
50879,PB2_G204T,0,3,0,0.005997,NA
50879,PB2_G205T,0,3,0,0.005159,NA
50879,PB2_C2070A,0,3,0,0.007103,2
50935,HA_T626C,0,3,0,0.171516,NA
50935,NA_G780A,0,3,0,0.043454,NA
50935,NP_G525A,0,3,0.004521,0.012683,NA
50935,NP_C759A,0,3,0,0.007895,NA
50935,NS_T304C,0,3,0,0.006995,NA
50935,NS_A458G,0,3,0.002965,0.00659,NA
50935,NS_T479C,0,3,0,0.005468,NA
50935,NS_T498C,0,3,0,0.006102,NA
50935,NS_A552G,0,3,0,0.005985,2
50935,NS_T567C,0,3,0,0.005792,NA
50935,PA_G504A,0,3,0.005079,0,1
50935,PA_A1362G,0,3,0,0.005289,NA
50935,PB1_T614A,0,3,0,0.006363,NA
50935,PB1_G756A,0,3,0,0.014945,NA
50935,PB1_A1123G,0,3,0,0.007025,NA
50935,PB1_T2001C,0,3,0,0.005302,NA
50935,PB2_G581T,0,3,0,0.00734,NA
50935,PB2_A912G,0,3,0,0.005435,NA
50935,PB2_A1117G,0,3,0,0.005223,NA
50935,PB2_G1816A,0,3,0,0.009211,NA
50968,HA_A850C,1,2,0.035847,0.002085,1
50968,NS_C254T,1,2,0,0.005114,NA
50968,PA_T963C,1,2,0.010257,0.02981,NA
50968,PB1_A561G,1,2,0.00667,0.077957,NA
50968,PB1_T614A,1,2,0.005103,0,NA
50968,PB1_A1098G,1,2,0,0.007056,2
50968,PB1_A1713G,1,2,0.009021,0.009105,NA
50968,PB2_C1362T,1,2,0.011546,0.003496,NA
50968,PB2_G1758A,1,2,0.00855,0.032495,NA
50969,NS_A249T,0,1,0.012942,0.008752,NA
50969,NS_T498C,0,1,0.012079,0.013349,NA
50969,PA_A498G,0,1,0.026769,0.013561,1
50969,PA_G1180A,0,1,0,0.025815,NA
50969,PA_A1181G,0,1,0.020837,0.030462,NA
50969,PB1_T825C,0,1,0,0.005864,NA
50969,PB2_C768T,0,1,0.007106,0,NA
50969,PB2_A1105G,0,1,0.002088,0.006776,2
50993,HA_T259C,2,5,0.016385,0,NA
50993,HA_C389T,2,5,0.031701,0,NA
50993,MP_T278C,2,5,0.030586,0,NA
50993,MP_G408A,2,5,0,0.00652,NA
50993,MP_G714A,2,5,0,0.00748,NA
50993,MP_C764A,2,5,0,0.012852,NA
50993,MP_C774A,2,5,0,0.006056,2
50993,NA_G585A,2,5,0,0.020725,NA
50993,NA_C840T,2,5,0.0064,0,NA
50993,NA_G998A,2,5,0,0.006104,NA
50993,NP_C549T,2,5,0,0.009392,NA
50993,NS_C246T,2,5,0,0.009965,NA
50993,NS_G415A,2,5,0,0.026542,NA
50993,NS_C635A,2,5,0,0.005387,NA
50993,PA_C489A,2,5,0,0.008679,NA
50993,PA_A594C,2,5,0.011313,0,NA
50993,PA_C1626T,2,5,0.009609,0,NA
50993,PA_G1652A,2,5,0,0.009193,NA
50993,PA_T1671C,2,5,0,0.007213,NA
50993,PA_A1774G,2,5,0.104037,0,1
50993,PB1_C258A,2,5,0,0.007317,NA
50993,PB1_G1542T,2,5,0.024656,0,NA
50993,PB2_A845T,2,5,0,0.028949,NA
50993,PB2_G1072A,2,5,0.034553,0,NA
50993,PB2_C2064A,2,5,0,0.005698,NA
50993,PB2_C2066A,2,5,0,0.005291,NA
50993,PB2_T2069C,2,5,0,0.005298,NA
50993,PB2_C2070A,2,5,0,0.006191,NA
51000,HA_A1129C,0,2,0,0.005397,NA
51000,HA_C1475T,0,2,0,0.006611,NA
51000,HA_T1497A,0,2,0,0.040281,NA
51000,MP_G600A,0,2,0.007076,0,NA
51000,NA_T940C,0,2,0,0.039115,NA
51000,NS_A216G,0,2,0.00216,0.008166,NA
51000,PA_G219T,0,2,0.005066,0,NA
51000,PA_T1044C,0,2,0.025726,0,1
51000,PA_G1923A,0,2,0,0.010851,NA
51000,PB1_G211T,0,2,0.005072,0,NA
51000,PB1_A394G,0,2,0.002039,0.006233,NA
51000,PB1_G1266A,0,2,0,0.005113,NA
51000,PB2_C870A,0,2,0.003393,0.005282,NA
51000,PB2_A1105G,0,2,0.003354,0.010175,NA
51000,PB2_C1362T,0,2,0,0.008462,NA
51000,PB2_T1484C,0,2,0,0.008971,2
51000,PB2_C2070A,0,2,0.006062,0,NA
51046,HA_T285C,1,2,0.006328,0,NA
51046,NA_G226A,1,2,0,0.008464,NA
51046,NP_G298A,1,2,0,0.009906,NA
51046,NP_A729G,1,2,0.001395,0.005008,NA
51046,NP_G897A,1,2,0.208193,0.096469,1
51046,NP_G1150A,1,2,0.006511,0.007089,NA
51046,NS_T245C,1,2,0.00506,0,NA
51046,NS_G364A,1,2,0.010781,0,NA
51046,NS_A435G,1,2,0.005336,0,NA
51046,PA_G557A,1,2,0,0.007001,NA
51046,PA_A962T,1,2,0.005112,0,NA
51046,PA_G1716A,1,2,0,0.026302,NA
51046,PA_A1734G,1,2,0.010927,0.003925,NA
51046,PB1_G566A,1,2,0,0.007094,NA
51046,PB1_T812C,1,2,0.005931,0,NA
51046,PB1_A1000G,1,2,0,0.0053,NA
51046,PB1_A1110G,1,2,0.005442,0.004575,NA
51046,PB1_A1148T,1,2,0,0.006448,NA
51046,PB1_T1182C,1,2,0.00868,0,NA
51046,PB1_G1229A,1,2,0.005076,0,NA
51046,PB1_C1265T,1,2,0.005302,0,NA
51046,PB1_A1286G,1,2,0.004788,0.006229,2
51046,PB1_T1772C,1,2,0,0.009466,NA
51046,PB1_G1845A,1,2,0,0.005017,NA
51046,PB1_T1996C,1,2,0,0.005916,NA
51046,PB1_A2043G,1,2,0.002711,0.011833,NA
51046,PB2_A219G,1,2,0,0.005544,NA
51046,PB2_A807G,1,2,0.003594,0.020097,NA
51055,HA_C213T,0,2,0,0.005812,NA
51055,HA_A294G,0,2,0,0.005314,NA
51055,HA_C1245T,0,2,0,0.044661,NA
51055,HA_C1327T,0,2,0,0.008989,NA
51055,MP_C249T,0,2,0,0.011158,NA
51055,MP_A264G,0,2,0.001497,0.006049,NA
51055,MP_T309A,0,2,0,0.007271,NA
51055,MP_G441A,0,2,0,0.006984,NA
51055,MP_A489G,0,2,0.00142,0.008109,NA
51055,MP_G534A,0,2,0,0.031752,NA
51055,MP_A623G,0,2,0.001074,0.013684,NA
51055,NA_A330T,0,2,0,0.006284,NA
51055,NA_T375C,0,2,0,0.006775,NA
51055,NA_A456G,0,2,0.001619,0.00744,NA
51055,NA_T472C,0,2,0,0.006084,NA
51055,NA_C690T,0,2,0,0.005093,NA
51055,NA_A734G,0,2,0,0.005181,NA
51055,NA_C843T,0,2,0,0.005168,NA
51055,NA_C906A,0,2,0,0.005709,NA
51055,NA_G1047A,0,2,0,0.005257,NA
51055,NP_A852G,0,2,0.000942,0.013087,NA
51055,NS_A427G,0,2,0.148959,0.004096,1
51055,PA_C261T,0,2,0,0.010234,NA
51055,PA_C1620T,0,2,0,0.010887,NA
51055,PA_T1788C,0,2,0,0.006023,NA
51055,PB1_A444G,0,2,0,0.006234,NA
51055,PB1_T614A,0,2,0,0.00553,2
51055,PB1_G1053T,0,2,0,0.007627,NA
51055,PB1_A1395G,0,2,0,0.007649,NA
51055,PB2_C507A,0,2,0,0.005357,NA
51055,PB2_A1408G,0,2,0.016344,0,NA
51055,PB2_A1432G,0,2,0,0.013472,NA
51055,PB2_A1489T,0,2,0,0.014152,NA
51055,PB2_G1599A,0,2,0,0.081722,NA
51055,PB2_G1980A,0,2,0,0.03575,NA
51059,MP_G528A,0,1,0.086695,0.031365,1
51059,NS_A458G,0,1,0,0.005645,NA
51059,NS_C474T,0,1,0.008321,0.001879,NA
51059,PA_T1527C,0,1,0.002087,0.007444,NA
51059,PA_G1590A,0,1,0,0.050984,2
51059,PA_C1603T,0,1,0.008091,0.008154,NA
51059,PB1_A1062G,0,1,0.005105,0.021081,NA
51059,PB2_A1065G,0,1,0,0.005077,NA
51073,NA_A878C,0,2,0.00317,0.005345,2
51073,PB1_T614A,0,2,0,0.00512,NA
51073,PB1_T894A,0,2,0.341985,0.041447,1
51073,PB2_A456G,0,2,0.001301,0.006201,NA
51073,PB2_C666T,0,2,0,0.006061,NA
51106,HA_T213C,2,3,0.007511,0.01075,NA
51106,HA_G294A,2,3,0.006569,0.009725,NA
51106,HA_G354A,2,3,0.006847,0,NA
51106,HA_A430G,2,3,0,0.113567,2
51106,HA_G501A,2,3,0.006545,0.010602,NA
51106,HA_G906A,2,3,0.007171,0.012967,NA
51106,HA_A945G,2,3,0.006865,0.012217,NA
51106,HA_T1115A,2,3,0.006109,0.011845,NA
51106,HA_G1287T,2,3,0.00633,0.010977,NA
51106,MP_G324A,2,3,0.009533,0.012336,NA
51106,MP_A441G,2,3,0.009353,0.012354,NA
51106,MP_A534G,2,3,0.010594,0.013737,1
51106,NA_T330A,2,3,0.005534,0.01387,NA
51106,NA_T433C,2,3,0,0.022411,NA
51106,NA_G456A,2,3,0.006254,0.014701,NA
51106,NA_C472T,2,3,0.005919,0.013839,NA
51106,NA_T690C,2,3,0.006404,0.015633,NA
51106,NA_G723A,2,3,0,0.009918,NA
51106,NA_G734A,2,3,0.006658,0.014781,NA
51106,NA_T843C,2,3,0.006308,0.015239,NA
51106,NA_A906C,2,3,0.006438,0.014514,NA
51106,NA_A1047G,2,3,0.006076,0.015003,NA
51106,NP_C690T,2,3,0.007723,0.042644,NA
51106,NS_A207G,2,3,0.008378,0.03099,NA
51106,PA_T828C,2,3,0,0.016735,NA
51106,PA_A914G,2,3,0,0.012389,NA
51106,PA_A1404C,2,3,0.008478,0.0047,NA
51106,PA_C1788T,2,3,0.007894,0.005538,NA
51106,PB1_G634A,2,3,0.007532,0.030181,NA
51106,PB1_A1093C,2,3,0.006899,0.027968,NA
51106,PB2_G309A,2,3,0.007371,0.006895,NA
51106,PB2_G325A,2,3,0.006837,0.007033,NA
51106,PB2_G474A,2,3,0.007164,0.005772,NA
51106,PB2_G996A,2,3,0.007099,0.006717,NA
51106,PB2_C1394A,2,3,0.008106,0.006659,NA
51359,HA_C1047A,5,6,0.004012,0.006064,2
51359,NA_A349G,5,6,0.004847,0.005805,NA
51359,NP_A261G,5,6,0.002053,0.026025,NA
51359,PA_A1556G,5,6,0.005166,0.002385,NA
51359,PB1_A1908C,5,6,0.006993,0.010982,1
51359,PB2_C1971T,5,6,0,0.006009,NA
51359,PB2_G2045A,5,6,0.002831,0.00736,NA
51438,HA_C222T,0,1,0.003387,0.015346,NA
51438,HA_T495C,0,1,0.058664,0.489758,NA
51438,HA_A564G,0,1,0.001337,0.011464,NA
51438,HA_G609A,0,1,0.212559,0.035526,NA
51438,HA_C654A,0,1,0,0.010687,NA
51438,HA_A888G,0,1,0,0.010499,NA
51438,HA_G1152A,0,1,0.001771,0.010869,NA
51438,MP_C267T,0,1,0,0.010763,NA
51438,MP_C295T,0,1,0,0.01046,NA
51438,MP_G694A,0,1,0.006439,0.003272,NA
51438,NA_G205A,0,1,0,0.015667,NA
51438,NA_G427A,0,1,0,0.014544,NA
51438,NA_G651A,0,1,0,0.012775,NA
51438,NA_A714G,0,1,0,0.013186,NA
51438,NA_C789T,0,1,0,0.013304,NA
51438,NA_A1080G,0,1,0,0.015356,2
51438,NP_G447A,0,1,0,0.008268,NA
51438,NP_A448C,0,1,0,0.008182,NA
51438,NP_A869G,0,1,0.018354,0.044655,NA
51438,NP_G1048A,0,1,0.002048,0.009753,NA
51438,NP_G1067A,0,1,0,0.005052,NA
51438,NS_G220A,0,1,0.011489,0,NA
51438,NS_T245C,0,1,0,0.005736,NA
51438,NS_T273C,0,1,0.012233,0,NA
51438,NS_G315A,0,1,0.013207,0.011115,NA
51438,NS_T512C,0,1,0.051092,0.488207,NA
51438,NS_A544G,0,1,0.011253,0,NA
51438,NS_G552A,0,1,0.012214,0.012385,NA
51438,PA_C531A,0,1,0,0.009984,NA
51438,PA_C906T,0,1,0.090998,0.076632,NA
51438,PA_T993C,0,1,0,0.009792,NA
51438,PA_A1071T,0,1,0.001811,0.00979,NA
51438,PA_A1172G,0,1,0.001383,0.011179,NA
51438,PA_A1272G,0,1,0.002149,0.010747,NA
51438,PB1_G414A,0,1,0.216182,0.039312,1
51438,PB1_T467C,0,1,0.002675,0.013452,NA
51438,PB1_T1255C,0,1,0,0.011999,NA
51438,PB1_A1274G,0,1,0,0.005495,NA
51438,PB1_C1329T,0,1,0,0.011938,NA
51438,PB1_A1395G,0,1,0,0.010844,NA
51438,PB1_C1509T,0,1,0.002309,0.011123,NA
51438,PB1_A1890C,0,1,0.002325,0.012354,NA
51438,PB2_T678C,0,1,0,0.008563,NA
51438,PB2_C841T,0,1,0.002892,0.00939,NA
51438,PB2_A1122G,0,1,0,0.010047,NA
51438,PB2_A1386G,0,1,0.001866,0.010253,NA
51438,PB2_C1398T,0,1,0.00194,0.009023,NA
51438,PB2_A1791G,0,1,0,0.010948,NA
51438,PB2_A1881G,0,1,0.00271,0.010923,NA
